Date,Open,High,Low,Close,Volume,Dividends,Stock Splits,Returns,MA5,MA20,MA50,RSI,MACD
2023-06-09 00:00:00+05:30,1141.0630022086802,1141.768493092545,1127.8635807880048,1129.6614990234375,5877018,0.0,0.0,-0.007080870309184917,1132.08291015625,1124.6742004394532,1098.2369860839844,56.03586222141066,-1.4734579072266794
2023-06-12 00:00:00+05:30,1126.7258172350764,1132.961345647828,1121.9466580390113,1130.662841796875,6391969,0.0,0.0,0.0008864095787128878,1132.7110107421875,1124.5581420898438,1100.4817907714844,56.57775224272708,-1.6078613992385549
2023-06-13 00:00:00+05:30,1135.6012556135665,1148.5502642183164,1131.6186029642636,1147.3668212890625,11248016,0.0,0.0,0.014773616744706342,1136.4887451171876,1126.0840270996093,1102.9655456542969,66.2893759472017,-0.6361442263929202
2023-06-14 00:00:00+05:30,1147.4351259891316,1162.910298244975,1145.6145741430057,1161.4765625,13277380,0.0,0.0,0.012297498018188469,1141.37705078125,1128.6453857421875,1105.8525659179688,70.11867816479928,0.8138206050548717
2023-06-15 00:00:00+05:30,1161.4537373210937,1166.3466657425097,1154.0347662802658,1161.795166015625,11813494,0.0,0.0,0.00027430903550840213,1146.192578125,1131.3421508789063,1107.8688842773438,60.84807314687754,1.6055592004195418
2023-06-16 00:00:00+05:30,1165.277051099355,1175.3814628689474,1165.277051099355,1173.105712890625,24171579,0.0,0.0,0.009735405350143944,1154.8814208984375,1134.4246643066406,1110.1077734375,62.735424714603916,2.641050849336006
2023-06-19 00:00:00+05:30,1176.1097699237832,1176.1097699237832,1157.2892937326951,1161.453857421875,6798554,0.0,0.0,-0.00993248548763681,1161.0396240234375,1136.6276000976563,1112.1646020507812,56.422687192267425,2.3036136442976343
2023-06-20 00:00:00+05:30,1159.5194942207468,1167.006607035453,1153.807305095174,1163.8660888671875,6921096,0.0,0.0,0.002076906826644853,1164.3394775390625,1138.9613830566407,1114.1276684570312,71.45679787975419,2.015627016644208
2023-06-21 00:00:00+05:30,1163.820518987149,1169.6692311312559,1159.7242173321142,1167.1431884765625,6961603,0.0,0.0,0.002815701600658027,1165.472802734375,1141.7844543457031,1116.3073876953124,74.7976501219562,1.824331631826503
2023-06-22 00:00:00+05:30,1163.3654489449273,1171.23949788599,1152.44177714095,1154.0347900390625,7619166,0.0,0.0,-0.0112311827434044,1163.9207275390625,1143.958935546875,1118.12025390625,67.8842101239087,0.6538262383163271
2023-06-23 00:00:00+05:30,1151.0307671986682,1153.0789781851352,1143.3387495446768,1144.5904541015625,6628570,0.0,0.0,-0.008183753227387847,1158.21767578125,1144.1466857910157,1119.6504711914063,58.400543125615826,-0.83672748471629
2023-06-26 00:00:00+05:30,1141.0630455273226,1144.8863006210827,1132.7337983168875,1135.8515625,12641159,0.0,0.0,-0.007634950623821135,1153.097216796875,1143.5766052246095,1120.9253491210939,53.370782127706114,-2.4028171304793986
2023-06-27 00:00:00+05:30,1136.3067382433178,1142.200837786413,1131.8007462154783,1136.26123046875,9689466,0.0,0.0,0.000360670339571767,1147.5762451171875,1143.0418029785155,1122.0996411132812,49.61778116509514,-3.3448380168099625
2023-06-28 00:00:00+05:30,1143.7939683826976,1155.1044562002996,1136.8983366424925,1151.303955078125,11354006,0.0,0.0,0.013238790698833602,1144.4083984375,1144.3981567382812,1123.821474609375,55.877221515805665,-2.904851351724588
2023-06-30 00:00:00+05:30,1158.9960008746662,1163.6612702152565,1153.1017808120625,1160.748291015625,11151555,0.0,0.0,0.008203164677619057,1145.7510986328125,1146.3780639648437,1125.6261450195314,63.287934555632205,-1.9723692977351792
2023-07-03 00:00:00+05:30,1164.2985171745281,1193.4054353348765,1163.0695664338207,1190.5379638671875,12154387,0.0,0.0,0.025664197037496672,1154.9406005859375,1150.0306518554687,1128.0807739257812,70.53864764844656,0.5228043747120221
2023-07-04 00:00:00+05:30,1194.7709465205144,1194.7709465205144,1171.2168190678697,1178.271728515625,8061643,0.0,0.0,-0.010303103070916309,1163.4246337890625,1152.5681213378907,1130.2632250976562,60.93403551262861,1.1815403640767013
2023-07-05 00:00:00+05:30,1187.4883683766168,1187.4883683766168,1172.3773800242714,1176.337158203125,10248062,0.0,0.0,-0.0016418711114600804,1171.4398193359375,1154.9610717773437,1132.3250561523437,55.75326798930046,1.311350518971647
2023-07-06 00:00:00+05:30,1172.4912246414767,1203.623479187279,1172.4912246414767,1201.0291748046875,19117987,0.0,0.0,0.020990594770703197,1181.38486328125,1158.1607788085937,1134.7164184570313,62.77792752713975,2.7990930841984074
2023-07-07 00:00:00+05:30,1199.3222877876276,1212.9540324302811,1196.1361418182398,1198.68505859375,13375267,0.0,0.0,-0.001951756260474391,1188.972216796875,1161.2091552734375,1137.1878857421875,58.847546537589814,3.3282089189562853
2023-07-10 00:00:00+05:30,1223.855018682763,1254.3956742089072,1217.5284743180387,1244.8602294921875,33240016,0.0,0.0,0.03852152036716672,1199.836669921875,1166.969091796875,1140.446767578125,73.28753070001139,6.317540856427133
2023-07-11 00:00:00+05:30,1252.9845865116806,1260.7676199191653,1246.0208134423028,1258.3553466796875,20069348,0.0,0.0,0.010840668588958824,1215.8533935546875,1173.3537170410157,1143.5800244140626,74.84436484552032,8.592219230186188
2023-07-12 00:00:00+05:30,1259.0835471704997,1275.3324708183104,1256.967074541962,1259.7435302734375,18733835,0.0,0.0,0.001103172960970733,1232.53466796875,1178.9725524902344,1146.5539770507812,74.5919825511432,9.50750457266896
2023-07-13 00:00:00+05:30,1267.0942041336878,1273.9669612194195,1245.8614575639767,1248.478515625,14682934,0.0,0.0,-0.008942307999781796,1242.0245361328125,1183.3226501464844,1149.49333984375,75.32953343787956,8.69360085114732
2023-07-14 00:00:00+05:30,1251.6645875999286,1256.6257776649,1240.3313460957377,1247.4317626953125,15124144,0.0,0.0,-0.0008384228615768707,1251.773876953125,1187.6044799804688,1152.15779296875,78.8827392518866,7.470832218554865
2023-07-17 00:00:00+05:30,1250.2993114499395,1281.2722893693374,1241.6513892285138,1272.9202880859375,22220040,0.0,0.0,0.020432801338609696,1257.385888671875,1192.5952087402343,1155.3889111328126,85.18514340505936,7.732286466316616
2023-07-18 00:00:00+05:30,1282.1598434295897,1291.4676286423985,1271.2361709387512,1283.7301025390625,25867313,0.0,0.0,0.008492137767227792,1262.46083984375,1198.7090209960938,1158.561767578125,85.93606936478086,7.955932512785051
2023-07-19 00:00:00+05:30,1288.076700948864,1299.9106483107323,1273.0567278790884,1293.47021484375,39122156,0.0,0.0,0.007587352111960932,1269.2061767578125,1205.189227294922,1161.8597900390625,85.56296697108978,8.057758144225254
2023-07-20 00:00:00+05:30,1272.252877809199,1297.3773824613913,1272.252877809199,1291.90380859375,38717624,0.0,0.0,-0.0012110106843002955,1277.8912353515625,1211.4272583007812,1164.9712768554687,84.15477869230799,7.337970370922033
2023-07-21 00:00:00+05:30,1286.553515673083,1289.4628832861451,1244.4410033700972,1251.9117431640625,30249238,0.0,0.0,-0.030955915729685257,1278.7872314453125,1216.3211059570312,1167.4313012695313,65.17619544376669,3.6719831789958626
2023-07-24 00:00:00+05:30,1223.433915662828,1240.175359314085,1217.66442067078,1226.58984375,23727866,0.0,0.0,-0.02022658510260822,1269.521142578125,1220.421075439453,1169.3480200195313,61.223210964223824,-0.7206010942939756
2023-07-25 00:00:00+05:30,1229.844596215791,1235.3675310299896,1222.9408976003053,1225.801025390625,12026020,0.0,0.0,-0.0006430987207292072,1257.9353271484374,1224.9185485839844,1171.2043603515624,61.55082433401633,-3.7710495008349127
2023-07-26 00:00:00+05:30,1225.4063285982886,1255.9798466558716,1225.4063285982886,1245.722900390625,12911012,0.0,0.0,0.016252127863616073,1248.3858642578125,1230.3916320800781,1173.7818359375,60.67471551565794,-4.490060550635729
2023-07-27 00:00:00+05:30,1249.594167941766,1251.369332548578,1228.0447892509355,1234.134765625,17226898,0.0,0.0,-0.009302337431535745,1236.8320556640624,1234.5331726074219,1176.2595434570312,58.10879937811056,-5.710741539212574
2023-07-28 00:00:00+05:30,1238.7454024408507,1253.933562763768,1233.07450741441,1246.5367431640625,20827852,0.0,0.0,0.010049127440941774,1235.7570556640626,1238.8225952148437,1179.0330810546875,50.45356611153749,-5.637860554810604
2023-07-31 00:00:00+05:30,1246.5367298459403,1259.3824434340952,1241.6547567277278,1257.0894775390625,8551174,0.0,0.0,0.00846564245528314,1241.856982421875,1242.1501708984374,1181.94576171875,49.65198959928801,-4.863185081772944
2023-08-01 00:00:00+05:30,1259.9249956309786,1261.8974809470349,1235.4168896571687,1239.3125,9536632,0.0,0.0,-0.014141378045629316,1244.55927734375,1245.2022094726562,1184.3841088867186,44.84744374767186,-5.486100036124213
2023-08-02 00:00:00+05:30,1237.3400157682765,1238.7207795689158,1214.8537553800984,1226.072265625,12748214,0.0,0.0,-0.010683531696000781,1240.629150390625,1247.68896484375,1186.5617456054688,44.40504872172531,-6.6503150815345435
2023-08-03 00:00:00+05:30,1220.6231447751093,1233.246977477257,1212.116802581427,1220.9189453125,10168350,0.0,0.0,-0.004203113027659189,1237.985986328125,1248.6834533691406,1188.7664892578125,43.512664749874105,-7.561531084586445
2023-08-04 00:00:00+05:30,1232.2115193068155,1240.6931815252224,1218.7986441252715,1237.5125732421875,22885610,0.0,0.0,0.013591097094033833,1236.18115234375,1250.6248291015625,1191.3058374023437,40.941909050596145,-6.861331049838348
2023-08-07 00:00:00+05:30,1243.1587651593345,1246.807814528615,1235.2688245633212,1244.564208984375,5982870,0.0,0.0,0.005698233613669723,1233.6760986328125,1250.6100280761718,1193.3804125976562,39.784044429076054,-5.781141591966861
2023-08-08 00:00:00+05:30,1246.610671086271,1249.791279456067,1232.5813939016416,1237.0687255859375,9844072,0.0,0.0,-0.006022576693374582,1233.22734375,1249.5456970214843,1195.1767236328126,35.11403505945803,-5.4345942093488855
2023-08-09 00:00:00+05:30,1235.1949123736956,1247.103743380083,1223.4832817270853,1245.2298583984375,11486586,0.0,0.0,0.006597153936321876,1237.0588623046874,1248.8200134277345,1197.1421752929687,38.09580443834494,-4.554490843549843
2023-08-10 00:00:00+05:30,1245.106571013069,1257.459283345296,1236.9700697678936,1250.7774658203125,15470598,0.0,0.0,0.00445508705437736,1243.03056640625,1248.9349609375,1199.6741870117187,49.649037989409194,-3.542509875774069
2023-08-11 00:00:00+05:30,1248.8049741960592,1261.8234483554147,1238.8933086015193,1256.0538330078125,22179330,0.0,0.0,0.0042184699770231315,1246.738818359375,1249.366064453125,1202.3722607421876,60.40763140352042,-2.5101561180309755
2023-08-14 00:00:00+05:30,1252.034961155377,1273.387137190252,1245.1312630631455,1270.8968505859375,9575812,0.0,0.0,0.011817182662132497,1252.0053466796876,1249.264892578125,1205.4404736328124,64.49056215967724,-0.9029083480520974
2023-08-16 00:00:00+05:30,1257.9523753926644,1273.633656051599,1257.9523753926644,1269.8612060546875,10203112,0.0,0.0,-0.0008148926726606609,1258.5638427734375,1248.5714477539063,1208.2872509765625,58.827778387900636,-0.030863942310716652
2023-08-17 00:00:00+05:30,1265.891624756504,1271.3159585738858,1249.0022217342007,1251.541748046875,13673744,0.0,0.0,-0.014426346690855296,1259.826220703125,1246.4750244140625,1210.7485229492188,56.06729774255916,-0.7682870235180541
2023-08-18 00:00:00+05:30,1248.2132273455447,1271.0694465982021,1237.0193984812158,1260.8125,18639978,0.0,0.0,0.007407465206488384,1261.8332275390626,1244.920458984375,1213.224072265625,55.08693023397434,-0.7133423830462657
2023-08-21 00:00:00+05:30,1261.3835688907475,1269.0811399821723,1249.3157396404515,1251.47607421875,9221746,9.0,0.0,-0.00740508662568784,1260.91767578125,1244.8986755371093,1215.4992431640626,47.98226623291717,-1.3504780558476792
2023-08-22 00:00:00+05:30,1249.9365568165044,1260.3903796040318,1241.0471519251682,1251.1781005859375,7713044,0.0,0.0,-0.00023809774629413027,1256.97392578125,1246.1280883789063,1217.9295751953125,54.87803776448236,-1.8081056430960238
2023-08-23 00:00:00+05:30,1253.5618384912532,1262.8238273856869,1249.9613617046014,1252.568603515625,9517952,0.0,0.0,0.0011113549134502687,1253.5154052734374,1247.4664672851563,1220.3676904296874,62.06870093187732,-2.0173557775195015
2023-08-24 00:00:00+05:30,1261.3587235815999,1261.3587235815999,1227.1418267680626,1231.5120849609375,14140020,0.0,0.0,-0.016810670885081702,1249.50947265625,1246.755926513672,1222.050595703125,54.21445909285612,-3.487877007478918
2023-08-25 00:00:00+05:30,1219.692531286219,1244.0267878143236,1213.0379055498036,1225.8258056640625,22222400,0.0,0.0,-0.0046173150603352475,1242.5121337890625,1246.340478515625,1223.3375805664064,44.908560646510374,-4.683009033465991
2023-08-28 00:00:00+05:30,1227.6384530850385,1233.5978630514705,1207.326845947251,1213.6090087890625,12580826,0.0,0.0,-0.009966176938477678,1234.938720703125,1244.694091796875,1224.373857421875,37.09489780651176,-6.048970496407786
2023-08-29 00:00:00+05:30,1217.7309089546334,1218.426124924763,1195.9293289635527,1201.9881591796875,16876644,0.0,0.0,-0.009575447714392227,1225.100732421875,1241.9390258789062,1224.9515063476563,35.861374759666006,-7.3985797942920355
2023-08-30 00:00:00+05:30,1207.773737009852,1213.236529405867,1199.3312396705562,1200.845947265625,12168946,0.0,0.0,-0.000950268856926173,1214.756201171875,1240.0156982421875,1225.7393481445313,31.03906465928587,-7.981606084757302
2023-08-31 00:00:00+05:30,1203.30415606053,1204.2973910221976,1191.832243755466,1195.3582763671875,21638600,0.0,0.0,-0.004569837547383271,1207.525439453125,1238.479998779297,1226.3691918945312,26.31263148228537,-8.312715141619503
2023-09-01 00:00:00+05:30,1195.1348905121704,1204.6202121872007,1192.701391971407,1198.1641845703125,18112842,0.0,0.0,0.0023473365756518927,1201.993115234375,1237.3422607421876,1226.9896118164063,24.722887302172765,-7.920346870769035
2023-09-04 00:00:00+05:30,1198.1641806717305,1203.6269732528613,1194.5141147392258,1197.19580078125,9347626,0.0,0.0,-0.0008082229476837899,1198.7104736328124,1235.3264221191407,1227.85283203125,13.382136207325274,-7.31790004497602
2023-09-05 00:00:00+05:30,1201.8143014260206,1208.7420910221174,1198.0648152036629,1203.6021728515625,8675876,0.0,0.0,0.00535114812976456,1199.0332763671875,1233.2783203125,1229.03306640625,18.747538582361628,-6.128042644314808
2023-09-06 00:00:00+05:30,1202.3606674742653,1209.8346637897985,1200.4486416178,1206.1348876953125,8200370,0.0,0.0,0.0021042790557195268,1200.091064453125,1231.7316284179688,1230.4387329101562,24.83530132854898,-4.865622672316799
2023-09-07 00:00:00+05:30,1202.6586190269109,1210.8776631982703,1197.3448358334992,1207.7738037109375,13652572,0.0,0.0,0.001358816524042794,1202.574169921875,1229.8588256835938,1231.868984375,17.88940177989437,-3.66985044220681
2023-09-08 00:00:00+05:30,1211.74673037339,1219.6926105725597,1203.2793775372477,1215.8189697265625,23109288,0.0,0.0,0.006661152933526093,1206.105126953125,1228.1109008789062,1233.1592846679687,28.069653847944167,-2.1613398414292773
2023-09-11 00:00:00+05:30,1217.7060837441973,1230.0470768509072,1217.7060837441973,1228.9296875,13271074,0.0,0.0,0.010783445644367617,1212.451904296875,1226.7546936035155,1234.5229125976562,38.17944563851189,-0.2076916972310041
2023-09-12 00:00:00+05:30,1233.1012736835467,1233.1012736835467,1209.735395658241,1211.1756591796875,16255666,0.0,0.0,-0.014446740526245505,1213.9666015625,1223.7686340332032,1234.9356665039063,31.26550429783279,-0.04669604717202347
2023-09-13 00:00:00+05:30,1211.7467272526792,1222.9950653828562,1204.9182364741037,1217.234375,12803338,0.0,0.0,0.005002342785204172,1216.1864990234376,1221.1372924804687,1235.7149194335936,42.52278076890129,0.5020402208812333
2023-09-14 00:00:00+05:30,1221.678997428229,1224.5594030531795,1214.2297352487885,1218.3516845703125,9209636,0.0,0.0,0.0009179083283057388,1218.3020751953125,1219.4777893066407,1236.5552099609374,45.889082852155234,0.9485458805295988
2023-09-15 00:00:00+05:30,1225.6519470756666,1225.6519470756666,1216.4645236474253,1220.611328125,25468592,0.0,0.0,0.001854672655937195,1219.260546875,1217.4677307128907,1236.9468530273436,54.325163504646895,1.3783079691209918
2023-09-18 00:00:00+05:30,1211.7715140152752,1217.2094512068952,1207.798574150055,1209.983642578125,7516300,0.0,0.0,-0.008706854755477611,1215.471337890625,1215.3931091308593,1237.1728247070312,54.9999618317697,0.9494659941427779
2023-09-20 00:00:00+05:30,1203.329062564474,1205.5886964476529,1169.5342173018194,1183.017333984375,57081884,0.0,0.0,-0.022286506730200606,1209.8396728515625,1211.9850708007812,1235.935966796875,41.57274974438749,-1.0399085469068208
2023-09-21 00:00:00+05:30,1179.441742323428,1186.965570418066,1172.017334727341,1174.401123046875,12226182,0.0,0.0,-0.007283249949077919,1201.2730224609375,1208.0766967773438,1234.2568823242189,40.37851318407263,-2.7296778419245618
2023-09-22 00:00:00+05:30,1179.963222413726,1183.166381154962,1167.0511669496027,1169.5093994140625,19176786,0.0,0.0,-0.004165292025710365,1191.5045654296875,1204.9765625,1232.4521997070312,37.09172933653887,-3.899170307728893
2023-09-25 00:00:00+05:30,1167.2496692558325,1172.3648535170125,1159.6515188545518,1162.308349609375,14254884,0.0,0.0,-0.006157325292379223,1179.8439697265626,1201.8006896972656,1230.7287963867188,35.11964761746084,-4.819745412297264
2023-09-26 00:00:00+05:30,1161.3649231350792,1167.1504687327713,1159.8999257031473,1163.3265380859375,10087782,0.0,0.0,0.0008760054738525813,1170.512548828125,1199.2865661621095,1229.0466918945312,31.99382217468184,-5.000528108814887
2023-09-27 00:00:00+05:30,1163.8230979312202,1177.8773972692843,1161.3400104596365,1176.4371337890625,11722778,0.0,0.0,0.011269918869637685,1169.1965087890626,1198.009014892578,1227.1170288085937,37.870175921438644,-3.925039934251945
2023-09-28 00:00:00+05:30,1183.4394534727044,1183.4394534727044,1154.635639665983,1159.1549072265625,14518346,0.0,0.0,-0.014690310315892074,1166.147265625,1195.924462890625,1224.6255249023438,32.39205859676176,-4.049177336831168
2023-09-29 00:00:00+05:30,1162.978841473464,1176.5365229562149,1159.1549111179452,1164.5679931640625,12342014,0.0,0.0,0.004669855516077348,1165.158984375,1194.3849487304688,1222.04748046875,31.07807488944694,-3.4611186052066305
2023-10-03 00:00:00+05:30,1157.0938751709293,1159.899836684223,1150.1660855624907,1151.2337646484375,8859056,0.0,0.0,-0.01144993559319507,1162.9440673828126,1192.038427734375,1219.2340795898438,21.36183209404159,-3.646017366467305
2023-10-04 00:00:00+05:30,1146.6897828808374,1151.6559577742148,1139.7868482768445,1149.247314453125,10286386,0.0,0.0,-0.0017254968159478024,1160.12822265625,1189.6410034179687,1217.180791015625,24.171431189764633,-3.5731994979831363
2023-10-05 00:00:00+05:30,1151.7801879907,1156.8208073415985,1146.6898583897923,1149.22265625,10953682,0.0,0.0,-2.1455958882699022e-05,1154.6853271484374,1186.9220275878906,1215.633447265625,20.13083094052027,-3.209326045489668
2023-10-06 00:00:00+05:30,1150.6875394076314,1154.5363248211877,1148.204452044047,1151.1593017578125,5431026,0.0,0.0,0.0016851786703648841,1153.0862060546874,1184.1732482910156,1214.1406127929688,20.701515703144466,-2.549618915168507
2023-10-09 00:00:00+05:30,1146.2429272772165,1148.1548319505969,1139.7371893760028,1141.3511962890625,7576878,0.0,0.0,-0.00852019825038386,1148.4428466796876,1180.852117919922,1212.0531787109376,17.574058407735492,-2.482783376923475
2023-10-10 00:00:00+05:30,1145.4730540565001,1151.1095896158488,1144.0825008862844,1146.3917236328125,10236032,0.0,0.0,0.004416280773296144,1147.4744384765625,1177.3807556152344,1210.2983178710938,22.737753458379615,-1.837788073603825
2023-10-11 00:00:00+05:30,1149.3963514723782,1166.9021183907282,1148.6762803444965,1164.5928955078125,9814118,0.0,0.0,0.01587692191053347,1150.5435546875,1174.163916015625,1208.6594409179688,41.45948129814662,-0.020154870870616293
2023-10-12 00:00:00+05:30,1163.9969217565551,1171.6944926486817,1161.1661051425594,1166.7530517578125,12554450,0.0,0.0,0.0018548595464840112,1154.0496337890625,1171.9427856445313,1206.8527124023437,46.22908945146562,1.4135275080373937
2023-10-13 00:00:00+05:30,1162.0849243141215,1170.7757303720264,1156.696576060419,1166.7034912109375,10150316,0.0,0.0,-4.247732354356604e-05,1157.1584716796874,1169.416241455078,1205.4005322265625,48.547164993414015,2.3871602707921546
2023-10-16 00:00:00+05:30,1164.568075868204,1169.3107973983604,1160.0985182209486,1164.0963134765625,5929036,0.0,0.0,-0.002234653237961015,1161.7074951171876,1166.7034729003906,1204.1610131835937,50.972007098100576,2.852741433532451
2023-10-17 00:00:00+05:30,1170.0307883070402,1171.8682487426624,1162.7305355660792,1169.6583251953125,7928180,0.0,0.0,0.004777965237377169,1166.3608154296876,1164.1558227539062,1203.13580078125,53.28015440186982,3.4903157734963717
2023-10-18 00:00:00+05:30,1169.6583345318004,1175.4935899954448,1152.6491856271346,1154.1390380859375,8918320,0.0,0.0,-0.01326822267244887,1164.2700439453124,1161.363592529297,1201.468330078125,38.72983084812857,2.8489550273210593
2023-10-19 00:00:00+05:30,1148.1796749731895,1153.046550785559,1142.7168824019504,1145.2744140625,12032556,0.0,0.0,-0.007680724532235672,1159.97431640625,1159.4764465332032,1199.4825341796875,42.331870861931996,1.8577954432033206
2023-10-20 00:00:00+05:30,1142.220222671192,1149.5204754976244,1140.3827622140566,1141.7733154296875,8913312,0.0,0.0,-0.003056995415093078,1154.98828125,1157.8450561523437,1197.5766259765626,37.13556248759947,1.037400316053441
2023-10-23 00:00:00+05:30,1137.254075402044,1145.3241097798968,1119.996617270943,1123.9447021484375,7853962,0.0,0.0,-0.01561484494366594,1146.957958984375,1155.5668212890625,1195.1509228515624,35.342659396743215,-0.5496694478637387
2023-10-25 00:00:00+05:30,1117.4141727928413,1132.8837586263421,1113.9129953485747,1121.33740234375,11620688,0.0,0.0,-0.0023197758748304542,1137.2937744140625,1153.5182739257812,1192.5621215820313,35.10850875364736,-1.5614377274482791
2023-10-26 00:00:00+05:30,1117.8860009118678,1121.3623234380264,1102.639867796045,1105.7188720703125,15222534,0.0,0.0,-0.013928484183968748,1127.6097412109375,1150.637890625,1189.5554223632812,30.099785018287406,-2.9863671164937955
2023-10-27 00:00:00+05:30,1112.42320609496,1129.0598924361125,1110.4118809600386,1125.2359619140625,11771084,0.0,0.0,0.017651041631592035,1123.60205078125,1148.07783203125,1186.6422045898437,39.78473106776315,-2.346481004128009
2023-10-30 00:00:00+05:30,1129.3082046030406,1154.6356973184122,1127.2968794620358,1148.427978515625,16813304,0.0,0.0,0.020610802877391254,1124.9329833984375,1147.541485595703,1184.2135400390625,52.52257230753165,-0.20607907973571749
2023-10-31 00:00:00+05:30,1156.125592797878,1156.125592797878,1133.7280940272274,1136.211181640625,12808438,0.0,0.0,-0.010637843298445748,1127.386279296875,1146.1236450195313,1181.9069287109376,46.547691686129255,0.50337562136807
2023-11-01 00:00:00+05:30,1136.831860850084,1150.9110149678804,1129.904071222479,1140.928955078125,10309190,0.0,0.0,0.004152197684490044,1131.30458984375,1145.6084045410157,1179.5092578125,41.167669172247194,1.3583269574551462
2023-11-02 00:00:00+05:30,1149.1479718633905,1154.2880111819782,1146.1682670397454,1152.2518310546875,10562104,0.0,0.0,0.009924260337303092,1140.611181640625,1145.7586303710937,1177.5247729492187,44.93406272868233,2.6780811152555763
2023-11-03 00:00:00+05:30,1155.7281711259097,1159.5769565823186,1150.0419252488898,1152.0035400390625,8850156,0.0,0.0,-0.00021548329013953982,1145.964697265625,1145.8976745605469,1175.5412817382812,44.871757745893476,3.4754322495694048
2023-11-06 00:00:00+05:30,1158.2610657722228,1162.0849964260901,1154.9337526381958,1161.58837890625,10647304,0.0,0.0,0.008320147060366212,1148.59677734375,1146.4191284179688,1173.7216772460938,49.16569679850106,4.523158989401427
2023-11-07 00:00:00+05:30,1159.130124403499,1161.6380670799329,1151.929170502665,1154.039794921875,6960204,0.0,0.0,-0.00649850163918031,1152.1625,1147.0535583496094,1172.1722314453125,44.87203226186554,4.569168527337686
2023-11-08 00:00:00+05:30,1158.1119464088365,1162.581503663416,1153.021617313343,1160.0487060546875,7884494,0.0,0.0,0.005206849156548676,1155.9864501953125,1147.7364074707032,1170.856689453125,52.06953982107192,4.839702839883778
2023-11-09 00:00:00+05:30,1160.0240417895493,1160.04877566907,1144.306025087675,1147.4595947265625,14513610,0.0,0.0,-0.010852226516367969,1155.0280029296875,1146.8797424316406,1169.533701171875,50.745786127153174,4.038870068858154
2023-11-10 00:00:00+05:30,1144.9764503053682,1150.3399433150457,1141.2518192214952,1149.6197509765625,7734954,0.0,0.0,0.0018825553944796791,1154.5512451171876,1146.0230773925782,1168.4863330078124,52.70266861089947,3.5405645408412934
2023-11-13 00:00:00+05:30,1153.5927756393128,1154.4371224093552,1148.030683727237,1149.470947265625,3854810,0.0,0.0,-0.00012943732987458212,1152.1277587890625,1145.1614501953125,1167.4588330078125,60.01177794269026,3.102577133678567
2023-11-15 00:00:00+05:30,1162.084938912781,1172.9856686848777,1155.6289114743765,1170.2542724609375,12220648,0.0,0.0,0.018080774677039058,1155.370654296875,1145.4693481445313,1166.9567529296876,66.79178996717295,4.0541241443867095
2023-11-16 00:00:00+05:30,1167.597413072765,1179.044349063192,1165.5363777710952,1172.3648681640625,13134910,0.0,0.0,0.0018035359945207663,1157.83388671875,1145.6046752929688,1166.4407666015625,75.21619928946596,4.6258325995225205
2023-11-17 00:00:00+05:30,1168.4912639289141,1178.597478522974,1168.0692118018185,1169.807373046875,7758634,0.0,0.0,-0.0021814839276039777,1162.3034423828126,1146.3880920410156,1165.892998046875,69.34698129463467,4.621045845954571
2023-11-20 00:00:00+05:30,1166.3310752984878,1171.2226850166387,1160.2970998159442,1166.7283935546875,4490186,0.0,0.0,-0.002632039738446834,1165.7251708984375,1147.460791015625,1165.1555224609374,59.62404364288127,4.211361780916402
2023-11-21 00:00:00+05:30,1174.997003070821,1185.9225880528827,1172.1165973266488,1181.4033203125,8214450,0.0,0.0,0.012577843171453384,1172.1116455078125,1149.4422912597656,1164.6608911132812,73.16721818664237,4.692786516016914
2023-11-22 00:00:00+05:30,1179.4665240485472,1189.1257098597493,1178.0759708449789,1186.0218505859375,8534814,0.0,0.0,0.00390935948293758,1175.2651611328124,1152.5461486816407,1164.2258520507812,73.1398875707694,5.05503236348706
2023-11-23 00:00:00+05:30,1186.0218848115442,1191.8819955385097,1186.0218848115442,1189.647216796875,8531542,0.0,0.0,0.0030567448729097446,1178.721630859375,1155.9616394042969,1163.7024169921874,70.83588956012042,5.248686815621308
2023-11-24 00:00:00+05:30,1187.7104158519992,1193.1732081420546,1187.437251988596,1188.8525390625,6749486,0.0,0.0,-0.0006679944467189447,1182.5306640625,1160.1183227539063,1162.9008740234376,70.4072016430303,5.032480063423073
2023-11-28 00:00:00+05:30,1188.8525213413693,1191.732926936636,1179.5906539581802,1189.100830078125,13792174,0.0,0.0,0.00020884929582676293,1187.0051513671874,1163.3115661621093,1162.4593774414063,66.99395588155457,4.6258039529246675
2023-11-29 00:00:00+05:30,1195.8549462757392,1197.8165611621323,1190.9136263737091,1192.2296142578125,12531306,0.0,0.0,0.0026312185649404185,1189.17041015625,1165.5016479492188,1161.9592822265624,74.95154861010309,4.294347173821447
2023-11-30 00:00:00+05:30,1189.2498792429226,1192.2295841833957,1176.9337412400662,1180.6832275390625,28439984,0.0,0.0,-0.009684700481071173,1188.102685546875,1167.7252502441406,1161.2059130859375,62.5719938121021,3.0810891177339244
2023-12-01 00:00:00+05:30,1180.9563802704033,1190.0940935038786,1180.7577817740466,1189.05126953125,14342842,0.0,0.0,0.00708745732725391,1187.98349609375,1170.131365966797,1160.5747119140624,76.71463585598893,2.642605987931926
2023-12-04 00:00:00+05:30,1216.7129226171448,1216.7129226171448,1191.186830615961,1201.9136962890625,15590990,0.0,0.0,0.01081738616946537,1190.5957275390624,1172.6144592285157,1160.4133129882812,79.52904294887878,2.9935208847134245
2023-12-05 00:00:00+05:30,1211.250044316368,1212.1688351602068,1202.633682465189,1210.6292724609375,12693624,0.0,0.0,0.007251415970035646,1194.901416015625,1175.5457458496094,1160.9655517578126,81.48809695897069,3.5493544764088867
2023-12-06 00:00:00+05:30,1215.2726970013823,1228.1101862520723,1209.2635769303338,1222.225341796875,16422442,0.0,0.0,0.009578546958777245,1200.9005615234375,1178.5775939941407,1161.9220361328125,79.55381922028735,4.38022606835429
2023-12-07 00:00:00+05:30,1221.6789865578335,1222.1507489094333,1212.7398720220444,1220.2139892578125,8142096,0.0,0.0,-0.0016456478770973115,1208.8067138671875,1181.8863037109375,1162.9361279296875,77.24058275583131,4.461553192802672
2023-12-08 00:00:00+05:30,1223.5910094042822,1229.9724711859212,1214.229721540008,1219.568359375,10204894,0.0,0.0,-0.000529112015184463,1214.9101318359376,1184.862286376953,1164.081328125,78.95941552905873,4.145805511002019
2023-12-11 00:00:00+05:30,1219.6926060838052,1225.453417704806,1217.904734547768,1221.3563232421875,7066138,0.0,0.0,0.0014660628520273278,1218.7986572265625,1188.5571228027343,1165.241923828125,82.27684495989845,3.7435881869263827
2023-12-12 00:00:00+05:30,1221.679058595461,1224.1372909888553,1201.8888025834185,1203.82568359375,9197124,0.0,0.0,-0.014353419485233498,1217.437939453125,1191.2674194335937,1165.7896948242187,62.81574695032611,2.0668577237139694
2023-12-13 00:00:00+05:30,1202.8076323900825,1210.9273773327996,1195.0107615817908,1208.7421875,10031182,0.0,0.0,0.00408406630067315,1214.74130859375,1194.2309814453124,1166.7814404296876,62.94197406390154,1.1069975720659517
2023-12-14 00:00:00+05:30,1218.6993709996416,1229.1034835977007,1213.0627137565868,1223.739990234375,16972354,0.0,0.0,0.012407776355845224,1215.4465087890626,1196.9052673339843,1167.9648803710938,67.19249776543327,1.2876171669328418
2023-12-15 00:00:00+05:30,1230.6181263548012,1241.5437110117043,1226.6700416026847,1239.358642578125,15932152,0.0,0.0,0.012763048088964224,1219.4045654296874,1200.2549560546875,1169.7273779296875,72.15682956400293,2.2102854261992597
2023-12-18 00:00:00+05:30,1239.3586208649165,1258.8755906644863,1237.049276856192,1251.97265625,14165188,0.0,0.0,0.010177855899431432,1225.52783203125,1204.3632202148438,1171.781884765625,74.88202624988406,3.3529009094155597
2023-12-19 00:00:00+05:30,1268.8576541199075,1278.2436759402542,1254.058429051918,1270.397216796875,16820604,0.0,0.0,0.014716424080747581,1238.842138671875,1209.5466613769531,1174.2053759765624,77.59461301979954,4.936650847475999
2023-12-20 00:00:00+05:30,1276.8284362716163,1290.6344268977684,1251.4760888731225,1255.02685546875,17736722,0.0,0.0,-0.012098862564323909,1248.099072265625,1213.2278381347655,1176.2827270507812,75.55473500027274,4.545907938036258
2023-12-21 00:00:00+05:30,1254.9524016537405,1278.045115020143,1250.606998600923,1272.607177734375,13765454,0.0,0.0,0.01400792516034155,1257.872509765625,1217.5571044921876,1178.9078466796875,77.01069868168501,5.030549157466037
2023-12-22 00:00:00+05:30,1271.1422137306674,1281.7200695868582,1265.2075375529496,1273.8487548828125,16541784,0.0,0.0,0.0009756169619032917,1264.7705322265624,1221.7671813964844,1181.4569873046876,75.1431467888186,4.9842923141116735
2023-12-26 00:00:00+05:30,1275.3137792926366,1287.2077445351904,1272.6816822126398,1280.3048095703125,7465664,0.0,0.0,0.005068148524503435,1270.436962890625,1226.339794921875,1183.7712255859376,74.74422645409429,4.929119274543577
2023-12-27 00:00:00+05:30,1282.2664054169704,1291.1558103107097,1277.8465580943978,1284.675048828125,9204156,0.0,0.0,0.0034134365700611013,1273.292529296875,1231.118505859375,1186.1296655273438,73.37790288529204,4.726903670064683
2023-12-28 00:00:00+05:30,1286.1400661216585,1297.1649507188354,1284.6750686995726,1293.9617919921875,12302636,0.0,0.0,0.007228865519365302,1281.0795166015625,1236.2051147460938,1188.6748315429688,76.18121462683204,4.746111334549216
2023-12-29 00:00:00+05:30,1296.7179430156748,1298.1580852015331,1280.9254829942388,1283.7313232421875,10864584,0.0,0.0,-0.007906314400712766,1283.304345703125,1241.35751953125,1191.0675317382813,71.32709940606465,3.646735700465854
2024-01-01 00:00:00+05:30,1281.5463597172072,1294.6074246833273,1277.8713173390402,1286.363525390625,4030540,0.0,0.0,0.002050430725480501,1285.8072998046875,1246.2231323242188,1193.4016357421874,71.48712279243547,2.7164387716439258
2024-01-02 00:00:00+05:30,1283.7562064601311,1298.6547310999006,1277.7967966042233,1297.015869140625,7448800,0.0,0.0,0.008280974654318873,1289.14951171875,1250.9782409667969,1196.2591723632813,82.26989207495744,2.4465201889918156
2024-01-03 00:00:00+05:30,1296.1716500505568,1308.0904698211366,1279.8825721151966,1282.9119873046875,9037536,0.0,0.0,-0.01087410121302712,1288.7968994140624,1254.5923767089844,1199.011923828125,74.14708124258318,1.0192029419578752
2024-01-04 00:00:00+05:30,1285.2460552857037,1296.0971958654188,1280.8262081528858,1289.541748046875,9612778,0.0,0.0,0.005167744013458098,1287.912890625,1257.9581970214845,1201.9672924804688,72.65726270837361,0.26212262534513897
2024-01-05 00:00:00+05:30,1292.645630717682,1301.0633942631744,1290.2122534871983,1295.0294189453125,8086406,0.0,0.0,0.004255520154154757,1290.172509765625,1261.6989685058593,1205.3889868164063,70.60656420655769,-0.10866170289708066
2024-01-08 00:00:00+05:30,1296.1716777447668,1307.0724076439487,1275.7855050776957,1284.92333984375,7734652,0.0,0.0,-0.00780374480588486,1289.88447265625,1264.9667175292968,1208.6607055664062,62.4274422853102,-1.2127950954027504
2024-01-09 00:00:00+05:30,1291.2055258186397,1294.5825491350672,1279.8826223433282,1281.521484375,5403074,0.0,0.0,-0.0026475162861961943,1286.785595703125,1267.9749755859375,1212.1767578125,54.73173507683553,-2.2880848818247834
2024-01-10 00:00:00+05:30,1279.783272530795,1320.5059067362763,1278.81489267359,1316.0860595703125,11102740,0.0,0.0,0.026971514419962928,1293.42041015625,1273.5879943847656,1215.993759765625,72.32613673390138,-0.8607836705569412
2024-01-11 00:00:00+05:30,1320.5059487620667,1353.2827041657133,1319.512713749835,1350.7003173828125,23725852,0.0,0.0,0.026300907574236643,1305.6521240234374,1280.6859008789063,1220.0392065429687,75.3915667193492,2.065404135485501
2024-01-12 00:00:00+05:30,1350.7003059486,1364.0344131282275,1336.646006395595,1361.4520263671875,15012164,0.0,0.0,0.007960099546884036,1318.9366455078125,1287.5715026855469,1224.5440234375,76.82479923806903,4.25010982802592
2024-01-15 00:00:00+05:30,1365.698106468691,1387.0029484318006,1356.758991589987,1384.6937255859375,8610594,0.0,0.0,0.01707125830997258,1338.89072265625,1294.8382568359375,1229.4193188476563,78.98508773951608,6.6429381521173525
2024-01-16 00:00:00+05:30,1380.5718168373746,1386.8541010590134,1361.228589153576,1365.32568359375,9069024,0.0,0.0,-0.013987238935448953,1355.6515625,1300.505908203125,1233.6807958984375,70.67209253427984,6.306382955215007
2024-01-17 00:00:00+05:30,1350.302977482024,1376.8968687570975,1345.8582751224426,1352.3638916015625,12197382,0.0,0.0,-0.009493553185105252,1362.90712890625,1304.6042419433593,1237.6880029296874,64.6926228249587,4.6712042102795905
2024-01-18 00:00:00+05:30,1342.257833902554,1361.7252160982366,1342.1088244002497,1358.69580078125,10279438,0.0,0.0,0.004682104586650082,1364.5062255859375,1309.7876892089844,1241.6301513671874,69.23667751957313,3.5284244716721247
2024-01-19 00:00:00+05:30,1366.6913040800202,1366.6913040800202,1349.806309770892,1358.1990966796875,10422704,0.0,0.0,-0.000365574178765371,1363.8556396484375,1314.06728515625,1245.7133374023438,68.63803676318284,2.3103491533075697
2024-01-23 00:00:00+05:30,1362.4701283646,1362.4701283646,1313.6030142485608,1319.587158203125,20055420,0.0,0.0,-0.028428776437088632,1350.834326171875,1316.3542053222657,1248.9041064453124,55.11421971252567,-1.3287574214994642
2024-01-24 00:00:00+05:30,1326.1921843701368,1340.3706383054482,1314.9687015682296,1334.78369140625,21919128,0.0,0.0,0.011516126925498416,1344.725927734375,1319.0781494140624,1252.6505883789061,61.69522126719125,-2.8575920415449723
2024-01-25 00:00:00+05:30,1333.8648824366019,1354.9215369888896,1326.1673112576736,1343.92138671875,11808872,0.0,0.0,0.0068458248114142695,1343.0374267578125,1322.0404663085938,1256.53662109375,62.12356578345779,-3.363752895380536
2024-01-29 00:00:00+05:30,1355.26919337579,1442.673875689509,1350.9735003848803,1438.2540283203125,23893438,0.0,0.0,0.0701920830591738,1358.949072265625,1329.255078125,1262.3122827148438,72.87074990117182,2.2422212578151886
2024-01-30 00:00:00+05:30,1450.073389873741,1450.0982449976443,1394.9241134897238,1398.1024169921875,14093978,0.0,0.0,-0.02791691212922709,1366.929736328125,1334.9736328125,1266.8692456054687,66.49057285684253,2.7977074751045237
2024-01-31 00:00:00+05:30,1394.5019351561814,1424.5472938018186,1393.0120826613565,1416.973876953125,15130226,0.0,0.0,0.013497909546238196,1386.407080078125,1341.504150390625,1271.76142578125,68.88456383057662,3.9188641727281777
2024-02-01 00:00:00+05:30,1425.2922675455375,1433.5857557942002,1408.4569822908004,1416.998779296875,13349362,0.0,0.0,1.7574313934121122e-05,1402.85009765625,1347.5032958984375,1276.70525390625,65.56848686368843,4.124124119565863
2024-02-02 00:00:00+05:30,1423.4796314648363,1464.9223379357,1423.4796314648363,1447.838623046875,19652588,0.0,0.0,0.021764199236151027,1423.633544921875,1355.7496276855468,1282.3274584960936,65.1627694452352,5.701695519422444
2024-02-05 00:00:00+05:30,1450.868045474515,1460.5520868528317,1421.8407764637946,1429.2900390625,8814432,0.0,0.0,-0.012811223356744561,1421.8407470703125,1362.737042236328,1287.2851928710938,60.3375248007661,4.891856857288104
2024-02-06 00:00:00+05:30,1432.0958703098133,1432.0958703098133,1410.2198450360786,1418.1409912109375,9047984,0.0,0.0,-0.007800409676733899,1425.8484619140625,1368.8926208496093,1291.9275756835937,55.29190863307296,3.0891604790129534
2024-02-07 00:00:00+05:30,1426.2110570936395,1439.6941741105304,1419.5811647792175,1432.3939208984375,9296568,0.0,0.0,0.010050432062703063,1428.932470703125,1376.2661499023438,1296.782509765625,60.78587960918038,2.372714483361648
2024-02-08 00:00:00+05:30,1440.190787028058,1449.6016646461153,1417.8678540780252,1440.31494140625,14694634,0.0,0.0,0.005529917707863596,1433.595703125,1384.2058227539062,1301.8117578125,64.37734394237688,1.9651709187234943
2024-02-09 00:00:00+05:30,1444.1637056694442,1462.0170807392553,1441.134290388772,1450.8680419921875,12556798,0.0,0.0,0.007326939603663263,1434.2015869140625,1390.944921875,1307.0471020507812,64.86227094200905,1.9360997000317894
2024-02-12 00:00:00+05:30,1450.8679782462941,1451.1162869880786,1432.5924306020613,1442.5247802734375,6674430,0.0,0.0,-0.005750531045741303,1436.84853515625,1395.5361450195312,1312.0530053710938,63.26148388186691,0.9354371170868561
2024-02-13 00:00:00+05:30,1445.6535667219543,1468.9945896130337,1444.1637141969918,1455.1885986328125,7715594,0.0,0.0,0.008778926041724144,1444.258056640625,1400.2229736328125,1317.5431127929687,73.22050224230995,0.7167469998024956
2024-02-14 00:00:00+05:30,1447.6400297179562,1473.613149525777,1447.6400297179562,1471.353515625,7117888,0.0,0.0,0.011108468694281282,1452.0499755859375,1404.5559631347655,1323.1891577148438,73.30902384529932,1.2214444961319941
2024-02-15 00:00:00+05:30,1473.3151134412835,1474.6808115666918,1456.6039830590935,1460.6513671875,10006782,0.0,0.0,-0.007273675784812306,1456.1172607421875,1409.322247314453,1328.3639111328125,69.81703500888216,0.435712989158759
2024-02-16 00:00:00+05:30,1466.4865517855937,1467.0080243843936,1448.6828880142914,1450.694091796875,9767498,0.0,0.0,-0.00681701028343118,1456.082470703125,1414.2387573242188,1333.1652075195314,52.95989135050325,-1.071102093710877
2024-02-19 00:00:00+05:30,1452.1592111252703,1469.491112552472,1443.6918589044135,1464.0283203125,6729828,0.0,0.0,0.009191619784643112,1460.3831787109375,1419.5053833007812,1338.0012670898439,67.98045826006069,-1.462038031274517
2024-02-20 00:00:00+05:30,1465.046426181844,1465.5181885405725,1451.9109180393862,1461.073486328125,7117496,0.0,0.0,-0.0020182901815344323,1461.56015625,1424.649102783203,1342.81845703125,63.171146445076715,-2.1692666650100847
2024-02-21 00:00:00+05:30,1464.028425242182,1478.4551882133653,1447.6897575966793,1457.77099609375,12720292,0.0,0.0,-0.0022603176809912195,1458.84365234375,1431.5582946777345,1347.582509765625,61.943527439582574,-3.054909751637723
2024-02-22 00:00:00+05:30,1458.217980480876,1474.9042556309794,1448.1366210443205,1471.7259521484375,18493728,0.0,0.0,0.0095728040220866,1461.0585693359376,1438.4054077148437,1352.58990234375,57.76557977254671,-2.897660023923507
2024-02-23 00:00:00+05:30,1479.4235354995058,1487.4191257635193,1473.3151159882195,1483.5206298828125,14438584,0.0,0.0,0.008014180708818097,1467.623876953125,1445.3853698730468,1358.1838012695312,68.43966950655931,-2.2262481372080103
2024-02-26 00:00:00+05:30,1483.446168404573,1484.4145482713086,1472.470873262889,1477.26318359375,7513106,0.0,0.0,-0.004217970524317383,1470.270849609375,1447.3358276367187,1363.5542211914062,70.79466678573974,-2.414736203057963
2024-02-27 00:00:00+05:30,1472.9923674869672,1489.8027971992935,1468.0510475861681,1475.599609375,10826044,0.0,0.0,-0.001126119053954211,1473.17607421875,1451.2106872558593,1368.5914135742187,66.67301037573287,-2.8336381886099105
2024-02-28 00:00:00+05:30,1472.9675183320362,1481.1865622803293,1440.3646276597456,1445.7777099609375,8647950,0.0,0.0,-0.02021002121754001,1470.7774169921875,1452.65087890625,1372.719794921875,51.8032673264933,-5.165539717251136
2024-02-29 00:00:00+05:30,1455.089263077392,1468.969697839758,1444.6851507865417,1450.917724609375,23628976,0.0,0.0,0.0035551901326356106,1466.615771484375,1454.346826171875,1376.6986962890626,50.01700812461816,-6.331269179165339
2024-03-01 00:00:00+05:30,1453.5994100865482,1489.852487276954,1452.6061750950303,1482.03076171875,12132926,0.0,0.0,0.021443694967439697,1466.3177978515625,1456.0564331054688,1380.9313671875,61.70025386528148,-5.032987258608305
2024-03-04 00:00:00+05:30,1480.391842498812,1502.2181563446675,1477.1638289011803,1497.202392578125,10024420,0.0,0.0,0.01023705529686847,1470.3056396484376,1459.45205078125,1385.7748779296876,62.260849368142885,-3.2642409317486702
2024-03-05 00:00:00+05:30,1495.5885055145832,1497.2025124426148,1475.9969687447635,1490.0511474609375,7107668,0.0,0.0,-0.004776405082330459,1473.195947265625,1463.04755859375,1390.1237573242188,55.759516469996335,-2.71049116374072
2024-03-06 00:00:00+05:30,1483.346710900882,1498.7915631140063,1468.4978966627293,1492.8321533203125,7805676,0.0,0.0,0.0018663828178742126,1482.6068359375,1466.0694702148437,1394.5034252929688,60.42135273408068,-2.307275366880841
2024-03-07 00:00:00+05:30,1492.8073957530228,1492.9315501318383,1465.5679977876061,1468.920166015625,8315726,0.0,0.0,-0.016017867280995524,1486.20732421875,1467.4997314453126,1398.275732421875,55.413052116234084,-3.7177743019189613
2024-03-11 00:00:00+05:30,1478.926955657413,1478.926955657413,1453.599462461131,1456.678466796875,11277130,0.0,0.0,-0.008333808400190379,1481.136865234375,1467.7902526855469,1401.71580078125,47.80287228561128,-5.4378897271176925
2024-03-12 00:00:00+05:30,1456.6783543995991,1477.933606592777,1455.1140578500986,1465.4437255859375,9432678,0.0,0.0,0.00601729138506224,1474.7851318359376,1468.9361999511718,1405.145439453125,51.26255733366624,-5.908886442501398
2024-03-13 00:00:00+05:30,1469.7642879983296,1473.066745744361,1418.116070049675,1422.486328125,13522134,0.0,0.0,-0.029313576980761646,1461.27216796875,1467.3010864257812,1407.9205395507813,41.70653889191748,-8.859620864790124
2024-03-14 00:00:00+05:30,1429.960349068663,1438.7257204946209,1415.8564608814304,1421.791015625,18571102,0.0,0.0,-0.0004888008315105941,1447.0639404296876,1464.8229614257812,1410.6290893554688,37.48285677042056,-10.492664068651976
2024-03-15 00:00:00+05:30,1416.3033309879486,1423.529139511023,1403.3416876139654,1408.630615234375,19223818,0.0,0.0,-0.009256212935654151,1435.0060302734375,1462.221923828125,1412.8613842773439,31.35505085961408,-11.985775006103747
2024-03-18 00:00:00+05:30,1410.3937109502833,1431.9717172439134,1406.9422435473875,1429.7369384765625,9169392,0.0,0.0,0.014983575547714345,1429.617724609375,1461.1740661621093,1415.7978833007812,38.98227190995083,-11.098767512674769
2024-03-19 00:00:00+05:30,1419.0844767245467,1427.8745820427584,1407.6622744621968,1415.608154296875,8275764,0.0,0.0,-0.009882086556945446,1419.6506103515626,1458.7530578613282,1418.3192114257813,36.85239800275231,-10.9897721996594
2024-03-20 00:00:00+05:30,1418.2898707180725,1435.224575977408,1414.3914960871218,1433.9830322265625,8488806,0.0,0.0,0.012980200681885767,1421.949951171875,1457.39853515625,1421.0982836914063,47.27855709616617,-9.274777867956574
2024-03-21 00:00:00+05:30,1442.6986202877974,1448.037258145121,1434.9017501776295,1441.1590576171875,13006936,0.0,0.0,0.005004261019380785,1425.8235595703125,1456.567938232422,1424.222998046875,47.76929443259777,-7.336622813099167
2024-03-22 00:00:00+05:30,1440.1658775080002,1450.1230825118198,1437.558635664443,1445.1817626953125,19527608,0.0,0.0,0.002791298473866055,1433.1337890625,1455.2407287597657,1427.4962036132813,40.3861134696389,-5.544712119110556
2024-03-26 00:00:00+05:30,1435.224510054802,1442.5744729711112,1429.2651003244707,1431.8226318359375,11415906,0.0,0.0,-0.00924391049224127,1433.550927734375,1452.655828857422,1429.8109350585937,32.77958723044425,-5.035030118754957
2024-03-27 00:00:00+05:30,1438.2042887209677,1489.8525090341518,1437.2110537149451,1482.7508544921875,16326644,0.0,0.0,0.03556880686467978,1446.9794677734376,1452.9302124023438,1432.4519458007812,48.43749836705986,-1.2415980288287392
2024-03-28 00:00:00+05:30,1482.7757179790017,1495.7622172581894,1468.6469741875442,1475.7982177734375,21854364,0.0,0.0,-0.0046890121139947505,1455.3425048828126,1452.9401428222657,1434.7388696289063,46.418142615123976,0.7201756499118632
2024-04-01 00:00:00+05:30,1482.378329479293,1483.8681819261294,1472.4708349567309,1474.73046875,5013880,0.0,0.0,-0.0007235061071211302,1462.056787109375,1454.3877807617187,1436.5396044921874,51.35163224971035,1.80498026228614
2024-04-02 00:00:00+05:30,1473.9607522936774,1483.893102376519,1465.02163721912,1476.8907470703125,8910166,0.0,0.0,0.0014648631503109133,1468.398583984375,1455.6864318847656,1438.7709057617187,54.933311404724066,2.485141651930851
2024-04-03 00:00:00+05:30,1472.0486431242657,1474.4075761354848,1458.9628453771513,1461.64453125,7008292,0.0,0.0,-0.01032318460289372,1474.3629638671875,1454.6671203613282,1440.9565185546876,49.10114858210615,1.7595193930240765
2024-04-04 00:00:00+05:30,1469.7394502232175,1469.7394502232175,1440.1907097980506,1453.0283203125,14490272,0.0,0.0,-0.005894874405702022,1468.41845703125,1452.4584167480468,1442.8431689453125,58.62793132414952,0.60991861771606
2024-04-05 00:00:00+05:30,1450.9921934901015,1460.8500994503086,1446.1501728221701,1450.222412109375,7442298,0.0,0.0,-0.0019310760594959397,1463.3032958984375,1450.4669799804688,1444.6836352539062,57.93705426272055,-0.37574988689894084
2024-04-08 00:00:00+05:30,1453.0779581511547,1480.8885383095317,1451.1163432638848,1475.92236328125,8357118,0.0,0.0,0.017721386014503793,1463.5416748046875,1449.6214904785156,1447.8103393554688,67.5563518977602,0.6130353120383711
2024-04-09 00:00:00+05:30,1478.9268957594693,1479.721532246934,1452.6061686018963,1453.7484130859375,7071414,0.0,0.0,-0.015023791729814051,1458.9132080078125,1448.8629028320313,1450.1896337890626,56.22986478765467,-0.26906168775223627
2024-04-10 00:00:00+05:30,1456.4301647801274,1476.9404924377993,1456.4301647801274,1469.565673828125,9138330,0.0,0.0,0.010880328810548123,1460.4974365234375,1449.5072631835938,1452.70251953125,63.87788267000893,0.14757315127817883
2024-04-12 00:00:00+05:30,1465.8906824343142,1476.4189490188535,1453.1772261376407,1457.2247314453125,15551012,0.0,0.0,-0.008397680078267689,1461.33671875,1449.0963134765625,1453.08193359375,56.169253660155114,-0.4409398302574825
2024-04-15 00:00:00+05:30,1451.1163299095672,1472.0984192109631,1436.5405578378954,1454.9154052734375,12902062,0.0,0.0,-0.0015847426426701672,1462.2753173828125,1450.7177673339843,1454.218193359375,53.748313638044856,-0.9874098678470018
2024-04-16 00:00:00+05:30,1443.5180900360606,1461.2225769893437,1441.1095678626566,1455.834228515625,9366184,0.0,0.0,0.0006315303548627416,1458.2576904296875,1452.4199279785157,1454.995400390625,52.952512807812106,-1.2706178794278769
2024-04-18 00:00:00+05:30,1453.5994528478836,1475.947240814455,1449.4775032629252,1454.4188232421875,19005692,0.0,0.0,-0.0009722296987622059,1458.3917724609375,1454.7093383789063,1455.7438012695313,56.70697683855979,-1.5200411369103932
2024-04-19 00:00:00+05:30,1446.9199027822451,1464.0283509520343,1433.2629218964987,1460.1795654296875,15741778,0.0,0.0,0.003960855082072001,1456.51455078125,1456.2314697265624,1455.9906201171875,40.84591971515534,-1.273784138342183
2024-04-22 00:00:00+05:30,1462.4887820952295,1472.7935949020498,1457.8703364834378,1469.8387451171875,10350362,0.0,0.0,0.006615062911565772,1459.037353515625,1458.9429992675782,1456.8015942382813,47.63497867508424,-0.4780611714883811
2024-04-23 00:00:00+05:30,1468.99458409558,1483.3964917827916,1445.7032715406172,1449.45263671875,14605554,0.0,0.0,-0.013869622410050297,1457.9447998046876,1459.7164794921875,1457.4278271484375,41.30211982372045,-1.2959871896918713
2024-04-24 00:00:00+05:30,1453.5994319870126,1458.6153172675517,1439.6941418962588,1440.3646240234375,10462776,0.0,0.0,-0.006269961822199188,1454.85087890625,1459.6767578125,1457.5872412109375,38.003614687756084,-2.3584682064021423
2024-04-25 00:00:00+05:30,1432.741508965424,1458.044146720608,1431.748273950543,1450.0982666015625,15943926,0.0,0.0,0.006757762871831385,1453.986767578125,1459.9225830078126,1457.7829077148438,46.06535077684644,-2.3120050529526726
2024-04-26 00:00:00+05:30,1454.0462924561546,1455.0892376772058,1440.1907130593506,1442.7235107421875,9413848,0.0,0.0,-0.0050856938658774276,1450.495556640625,1460.467626953125,1457.6200170898437,46.45843909028743,-2.6594613455032814
2024-04-29 00:00:00+05:30,1440.190755560666,1457.969686378213,1440.190755560666,1455.1141357421875,7247974,0.0,0.0,0.008588357303213057,1447.550634765625,1459.085791015625,1457.8718041992188,51.57727601562752,-1.9681626010472713
2024-04-30 00:00:00+05:30,1458.0689185518916,1473.0418870480758,1452.9785893914159,1457.07568359375,11474262,0.0,0.0,0.0013480371081420195,1449.075244140625,1458.1496643066407,1457.9095458984375,42.82470363189194,-1.323104844626928
2024-05-02 00:00:00+05:30,1462.0418662328166,1467.3307939155113,1454.2201408954636,1456.6287841796875,14512646,0.0,0.0,-0.0003067098154848624,1452.328076171875,1457.244580078125,1457.6150512695312,51.313998685778564,-0.891530891512641
2024-05-03 00:00:00+05:30,1461.0486441682738,1464.971873810829,1406.5697301896898,1424.2989501953125,17226958,0.0,0.0,-0.02219497124834169,1447.168212890625,1454.614990234375,1456.8880029296874,32.053514476726804,-2.6490506908952027
2024-05-06 00:00:00+05:30,1425.7887791713451,1430.2583364728227,1408.4071674433767,1409.921875,7394208,0.0,0.0,-0.010094141537730583,1440.6078857421876,1452.028857421875,1456.07255859375,31.544234683817535,-4.5347791051296165
2024-05-07 00:00:00+05:30,1406.3959262738065,1411.1386477198662,1382.5831410354065,1391.9940185546875,14517472,0.0,0.0,-0.012715496342882493,1427.9838623046876,1448.9771423339844,1454.6318725585938,28.117422106900506,-6.618280081077252
2024-05-08 00:00:00+05:30,1388.045846950484,1423.255977539907,1388.045846950484,1408.9534912109375,9439002,0.0,0.0,0.012183581560112566,1418.359423828125,1446.9136962890625,1453.58947265625,35.33245797155915,-6.475008264089393
2024-05-09 00:00:00+05:30,1403.4410359565532,1414.118312061672,1380.5966312665314,1384.6937255859375,11009612,0.0,0.0,-0.017218287031000368,1403.972412109375,1442.3522644042969,1452.1279272460938,30.913498102670957,-7.5593065834987865
2024-05-10 00:00:00+05:30,1387.3009765451195,1400.461340203056,1378.6846144825925,1397.90380859375,10505096,0.0,0.0,0.009540075732070274,1398.6933837890624,1439.5600341796876,1450.651484375,33.620682458989336,-6.9477139806531945
2024-05-13 00:00:00+05:30,1390.4297080913934,1397.4567972556988,1374.6372472590963,1393.210693359375,8456620,0.0,0.0,-0.003357251912129877,1395.3511474609375,1435.74228515625,1448.8452856445313,29.3052417257165,-6.431935538596056
2024-05-14 00:00:00+05:30,1391.497375457578,1417.4207846263603,1390.5538507083768,1410.4681396484375,7188300,0.0,0.0,0.01238681727847668,1399.0459716796875,1433.4044555664063,1447.509384765625,39.290569520203185,-4.587756276457586
2024-05-15 00:00:00+05:30,1410.890363489447,1420.301241172303,1403.465955871342,1406.6939697265625,5046534,0.0,0.0,-0.0026758278445166983,1398.5940673828125,1430.9933837890626,1446.1312719726564,40.47216710788838,-3.339368228305787
2024-05-16 00:00:00+05:30,1408.9535941036795,1417.8429990852542,1388.5674209537442,1415.70751953125,14711774,0.0,0.0,0.00640761245776833,1404.796826171875,1428.9870483398438,1445.5298681640625,40.22857983195026,-1.7061596408527855
2024-05-17 00:00:00+05:30,1413.4231011289248,1427.4772792429303,1403.6893497283538,1425.9874267578125,10916476,0.0,0.0,0.0072613213426784284,1410.4135498046876,1427.565478515625,1445.0312622070312,45.32201534602251,0.16733616768196136
2024-05-21 00:00:00+05:30,1415.955723776385,1432.0709366288527,1415.955723776385,1426.4095458984375,11176128,0.0,0.0,0.0002960188376868178,1417.0533203125,1425.8769775390624,1443.918837890625,41.401323728379715,1.4637452061364762
2024-05-22 00:00:00+05:30,1426.5585744712246,1458.8387108533418,1426.5585744712246,1450.7686767578125,10281604,0.0,0.0,0.01707723488630486,1425.113427734375,1424.9234741210937,1442.9901635742187,48.33421565599347,3.8547555283799255
2024-05-23 00:00:00+05:30,1448.6829852241392,1482.1301017368073,1445.1569524094602,1475.9969482421875,14608260,0.0,0.0,0.01738958931809531,1438.9740234375,1426.2506896972657,1442.7090795898437,54.52333166081284,6.853180773932433
2024-05-24 00:00:00+05:30,1473.588252052909,1478.4302725963466,1466.1141345549065,1470.236083984375,7094776,0.0,0.0,-0.0039030326347715416,1449.879736328125,1427.7442626953125,1442.257158203125,62.248411163484654,8.081865487763306
2024-05-27 00:00:00+05:30,1470.211245344789,1474.8546674414365,1451.6626545709723,1456.330810546875,6629010,0.0,0.0,-0.00945785074177774,1455.9484130859375,1428.055889892578,1442.00537109375,62.405421314841135,7.598724065615942
2024-05-28 00:00:00+05:30,1458.0689763512862,1468.4979438251885,1442.92214263919,1446.3487548828125,7820162,0.0,0.0,-0.006854250141363205,1459.9362548828126,1428.2371520996094,1441.7987768554688,65.17396727166157,6.3010218204619735
2024-05-29 00:00:00+05:30,1436.7144444353128,1448.1366470699525,1428.7188540932618,1431.0281982421875,7383556,0.0,0.0,-0.010592574293650459,1455.9881591796875,1427.0328552246094,1441.1104663085937,56.21940784314805,4.205744364248487
2024-05-30 00:00:00+05:30,1425.7887920543308,1430.6556676310377,1410.4929493466097,1415.2108154296875,13206858,0.0,0.0,-0.011053159421966274,1443.8309326171875,1424.9396118164063,1440.9649560546875,59.02744676610017,1.6791080961257405
2024-05-31 00:00:00+05:30,1421.6173244336267,1432.4931993421653,1412.6284990566091,1420.723388671875,31069832,0.0,0.0,0.0038952311430109354,1433.9283935546875,1423.1443420410155,1440.943603515625,57.07248714801761,0.37195586749426957
2024-06-03 00:00:00+05:30,1472.967447134317,1504.2543484052076,1449.1298080707809,1500.1075439453125,21527942,0.0,0.0,0.05587586993105509,1442.683740234375,1426.9347717285157,1442.7731420898438,72.6459627971688,4.611139714364041
2024-06-04 00:00:00+05:30,1487.9156639356331,1487.9156639356331,1350.104314753697,1387.8223876953125,36709098,0.0,0.0,-0.07485140428978032,1430.978466796875,1425.8297973632812,1441.9348510742188,46.57965826450761,-0.13796286631225163
2024-06-05 00:00:00+05:30,1412.3802156651416,1421.4683404578807,1374.7365836991446,1411.138671875,17464890,0.0,0.0,0.016800625488112786,1427.0005615234375,1426.7870300292968,1441.8454614257812,50.633893811688054,-1.6177118591184818
2024-06-06 00:00:00+05:30,1425.292184285246,1433.9332800406028,1411.734502673632,1421.9151611328125,17855722,0.0,0.0,0.007636732996264328,1428.3414306640625,1427.4351135253905,1441.6041040039063,50.880890837300996,-1.767295797689913
2024-06-07 00:00:00+05:30,1418.8361951215056,1462.0419175490767,1416.8497251248357,1460.0057373046875,18558696,0.0,0.0,0.026788220009925867,1436.197900390625,1431.2007141113281,1441.9810375976563,54.47419915627314,0.6718326281672703
2024-06-10 00:00:00+05:30,1460.005781384102,1483.2475052957384,1458.143465705998,1461.446044921875,9251760,0.0,0.0,0.0009865081899242956,1428.4656005859374,1434.3778259277344,1442.3063232421875,54.59580563623036,2.2651869098961277
2024-06-11 00:00:00+05:30,1459.0622518977075,1463.705674137936,1444.8342086607024,1446.8206787109375,11774902,0.0,0.0,-0.010007462308825321,1440.2652587890625,1437.0583251953126,1442.6062841796875,49.46856267746346,2.214463488577006
2024-06-12 00:00:00+05:30,1447.6399918148468,1466.0148390522907,1445.3307689706455,1453.425537109375,10081742,0.0,0.0,0.004565084322904589,1448.7226318359376,1439.2061950683594,1442.0197778320312,46.80130241769328,2.4857391462914693
2024-06-13 00:00:00+05:30,1462.0418603907183,1462.2901691305944,1450.2223401237136,1455.3375244140625,9181160,0.0,0.0,0.0013155041354853125,1455.4071044921875,1441.6383728027345,1441.6105639648438,47.86537087233152,2.639463298217894
2024-06-14 00:00:00+05:30,1460.0554705062502,1469.6650677640184,1447.3668689541396,1467.554443359375,8157998,0.0,0.0,0.008394560533461881,1456.916845703125,1444.2307189941407,1441.4670434570312,51.61591251323395,3.3630707619464855
2024-06-18 00:00:00+05:30,1477.2880221208793,1477.337732367643,1461.3962624530698,1471.005859375,7196766,0.0,0.0,0.002351814633686944,1458.82880859375,1446.481640625,1441.349345703125,53.61802098330728,3.838878308380046
2024-06-19 00:00:00+05:30,1477.4370314616108,1477.4370314616108,1446.1501296188944,1448.7822265625,8725874,0.0,0.0,-0.01510777993905632,1459.2211181640625,1447.600274658203,1441.092099609375,52.55338206682779,2.4871558347108813
2024-06-20 00:00:00+05:30,1449.129840920104,1472.8184710275734,1440.290025318092,1463.7303466796875,16113776,0.0,0.0,0.010317713623982483,1461.282080078125,1448.248358154297,1441.3061401367188,56.995564059944684,2.427378175999392
2024-06-21 00:00:00+05:30,1463.6559432765043,1464.723622415666,1430.8294776608532,1444.3623046875,31170360,0.0,0.0,-0.013231974069624064,1459.0870361328125,1446.6666259765625,1441.1889379882812,53.27732628393679,0.9849903589409434
2024-06-24 00:00:00+05:30,1435.7460388952218,1439.694123747318,1427.7753038197789,1431.723388671875,8878386,0.0,0.0,-0.0087505163867867,1451.9208251953125,1444.7409912109374,1440.3049584960938,38.3660081582879,-0.8211862598689015
2024-06-25 00:00:00+05:30,1433.2381492994232,1446.0757605690187,1431.251679238024,1444.312744140625,7045386,0.0,0.0,0.008793147872249607,1446.5822021484375,1444.140087890625,1440.1162451171874,64.54420597081536,-1.1488148910468166
2024-06-26 00:00:00+05:30,1436.2674702477104,1508.6990573544801,1435.3486794068933,1503.7825927734375,22014882,0.0,0.0,0.041175187904471056,1457.582275390625,1447.0117797851562,1440.8005834960939,70.10887219638859,2.4618784802838896
2024-06-27 00:00:00+05:30,1503.5095258586794,1527.0988578085678,1495.8119543802948,1520.1959228515625,28383030,0.0,0.0,0.01091469615155849,1468.875390625,1451.470166015625,1442.0600073242188,70.82284151264295,5.598379726572526
2024-06-28 00:00:00+05:30,1520.6676062297508,1570.3044999994931,1520.6676062297508,1554.81005859375,28957336,0.0,0.0,0.022769522810756282,1490.96494140625,1458.450128173828,1444.057900390625,70.38660249804045,9.422019014606423
2024-07-01 00:00:00+05:30,1551.9545141363872,1568.715354453727,1545.1508787601754,1549.5955810546875,7724306,0.0,0.0,-0.003353771420657514,1514.5393798828125,1464.8937377929688,1445.9331274414062,68.65279633991169,10.912657885468311
2024-07-02 00:00:00+05:30,1558.8823628827959,1562.855302960229,1546.4669251408175,1554.586669921875,7749246,0.0,0.0,0.003220897715641602,1536.5941650390625,1467.617694091797,1447.936484375,73.77301513867923,11.489298791058983
2024-07-03 00:00:00+05:30,1555.7287206925387,1564.3450825817029,1532.3381098234954,1541.9228515625,9049620,0.0,0.0,-0.008146099927649253,1544.222216796875,1475.3227172851562,1449.5713500976562,69.01409041744606,10.309953639868464
2024-07-04 00:00:00+05:30,1546.466934913299,1556.8959026824639,1540.3089262521676,1543.5120849609375,6837176,0.0,0.0,0.001030682823610185,1548.88544921875,1481.941387939453,1451.0448168945313,68.97105619516766,8.977911664612382
2024-07-05 00:00:00+05:30,1543.3133036757315,1587.686125174581,1537.5277583798884,1577.8779296875,12269710,0.0,0.0,0.02226470726170704,1553.4990234375,1489.7395263671874,1453.6133227539062,71.6710419422195,9.691254405791256
2024-07-08 00:00:00+05:30,1578.2504254618127,1597.9165270899769,1571.8192530430833,1590.0699462890625,9500806,0.0,0.0,0.007726843992283516,1561.593896484375,1496.2427368164062,1456.6074291992188,72.61152491764439,10.212039818347058
2024-07-09 00:00:00+05:30,1586.7922437269306,1589.6726495338755,1569.8079491335773,1579.516845703125,6960002,0.0,0.0,-0.006636878214424824,1566.579931640625,1502.1462768554688,1459.19580078125,75.97947797399573,9.11001804929954
2024-07-10 00:00:00+05:30,1584.2098217818486,1586.6929092768046,1552.575311345012,1573.5076904296875,7134578,0.0,0.0,-0.0038044262014581554,1572.8968994140625,1508.4806274414063,1461.811484375,72.61842722130895,7.317842380418423
2024-07-11 00:00:00+05:30,1576.760544603564,1593.3972306647354,1559.8755497952109,1569.9569091796875,11940946,0.0,0.0,-0.002256602412302411,1578.1858642578125,1514.307196044922,1464.10833984375,77.68167942587078,5.327249271550357
2024-07-12 00:00:00+05:30,1573.7808223482348,1594.29114888902,1563.8484725700823,1585.923095703125,12924784,0.0,0.0,0.010169824681226292,1579.7948974609376,1520.836474609375,1466.6852880859376,83.495116283263,4.550027544772888
2024-07-15 00:00:00+05:30,1593.595776039798,1594.9863292265602,1574.7740221286813,1586.419677734375,5329688,0.0,0.0,0.0003131186074503134,1579.06484375,1526.779736328125,1469.2811059570313,82.57994279605282,3.5764622885705606
2024-07-16 00:00:00+05:30,1582.7199736846997,1589.1760011895321,1558.5098705415778,1565.586669921875,9386838,0.0,0.0,-0.013132091151474068,1576.27880859375,1531.5087768554688,1472.1068603515625,67.22015241378513,1.1615125363846843
2024-07-18 00:00:00+05:30,1565.3383301885008,1583.1172605988065,1547.2862359094959,1575.941162109375,12298374,0.0,0.0,0.006613809625765743,1576.7655029296875,1537.8667236328124,1475.42724609375,66.0747386554758,-0.042607368807658474
2024-07-19 00:00:00+05:30,1575.2706692394984,1579.2187540134394,1542.295316590546,1544.62939453125,13140390,0.0,0.0,-0.019868614597396972,1571.7,1541.9116760253905,1478.4799536132812,47.00729874622324,-3.083626875882846
2024-07-22 00:00:00+05:30,1526.8504700439987,1527.0987787885172,1489.132396000546,1490.52294921875,19674376,0.0,0.0,-0.0350287554439036,1552.619970703125,1544.219708251953,1480.1113427734374,36.51208280446153,-8.564239070232375
2024-07-23 00:00:00+05:30,1490.8457045714713,1495.5635707251784,1453.1027753418136,1477.8343505859375,18052044,0.0,0.0,-0.008512850231164326,1530.9029052734375,1546.5252563476563,1481.9741552734374,33.070414131400014,-12.623928102026742
2024-07-24 00:00:00+05:30,1474.9539769524845,1499.288234484697,1466.4121801900785,1485.58154296875,11913362,0.0,0.0,0.005242260324873849,1514.9018798828124,1548.5886962890625,1483.7277099609375,37.2970351638746,-14.247257489437008
2024-07-25 00:00:00+05:30,1470.98105170067,1490.3242792963804,1467.0825557836058,1482.303955078125,12519876,0.0,0.0,-0.0022062658937422874,1496.1744384765625,1547.5147644042968,1485.5095751953124,36.30401114434383,-14.92952958237634
2024-07-26 00:00:00+05:30,1482.3038750787018,1502.1934293549855,1480.2676949176735,1498.81640625,9859940,0.0,0.0,0.01113972010619424,1487.0118408203125,1546.4457885742188,1487.2765405273437,30.772916456387634,-13.689217886256888
2024-07-29 00:00:00+05:30,1501.7216386655564,1517.1664917107262,1501.5478952839153,1509.8165283203125,7538550,0.0,0.0,0.0073392058056227505,1490.870556640625,1544.196112060547,1489.3389916992187,30.36925517137591,-11.629470575270277
2024-07-30 00:00:00+05:30,1506.7623598686414,1514.6833847959679,1499.7848596996141,1502.91357421875,8228208,0.0,0.0,-0.004572048306586085,1495.8864013671875,1541.86201171875,1491.0831127929687,30.921425461691697,-10.280118834201689
2024-07-31 00:00:00+05:30,1493.8254363572114,1500.2317535937864,1490.9947408630155,1495.2408447265625,10057346,0.0,0.0,-0.005105236670828517,1497.81826171875,1538.8947204589845,1492.4681811523437,30.667301077291967,-9.472459318489793
2024-08-01 00:00:00+05:30,1501.77134820626,1507.7307583181896,1494.1234870604208,1505.049072265625,10764222,0.0,0.0,0.006559630559621388,1502.36728515625,1537.0510314941407,1494.0409716796876,34.4478743112724,-7.9094773518170065
2024-08-02 00:00:00+05:30,1494.8186639169483,1499.114356762296,1483.173007877194,1489.1820068359375,10268248,0.0,0.0,-0.010542556865472896,1500.4404052734376,1534.3345275878905,1494.80923828125,26.80950979147073,-7.575517919600296
2024-08-05 00:00:00+05:30,1469.9878159515392,1473.8614567424752,1423.5540791976646,1437.5338134765625,17046704,0.0,0.0,-0.03468225718702567,1485.9838623046876,1527.3173217773438,1494.0399755859376,21.338431133868966,-10.295594562660865
2024-08-06 00:00:00+05:30,1445.3058933780949,1467.5046707476097,1441.5066968644826,1446.1998291015625,10236186,0.0,0.0,0.006028390806364303,1474.64111328125,1520.1238159179688,1493.5592504882814,25.887666089920188,-10.914713283865591
2024-08-07 00:00:00+05:30,1459.0622098816934,1462.5385323694986,1451.612947407825,1454.9154052734375,8174568,0.0,0.0,0.00602653657986485,1466.576025390625,1513.8937438964845,1493.5309423828126,25.39375970718008,-10.156497377846343
2024-08-08 00:00:00+05:30,1447.6648534405974,1455.0892607439564,1436.1433518023791,1439.3216552734375,12387192,0.0,0.0,-0.010717977102640774,1453.4305419921875,1507.1844421386718,1493.390400390625,27.12758934276495,-10.102957434873685
2024-08-09 00:00:00+05:30,1450.1231069497526,1466.5114845282942,1446.1501669307122,1464.326416015625,6249776,0.0,0.0,0.017372600940571026,1448.459423828125,1501.9029174804687,1494.0563647460938,43.486859117158964,-7.879972592322597
2024-08-12 00:00:00+05:30,1460.05547476733,1463.0351798178756,1447.8883458109356,1450.743896484375,8184584,0.0,0.0,-0.009275609169304921,1451.1014404296875,1495.1439575195313,1494.7670263671876,43.29441368837009,-6.858344283238246
2024-08-13 00:00:00+05:30,1450.8679602470922,1460.1298277029484,1448.1365641213488,1453.7235107421875,6265064,0.0,0.0,0.0020538526924243072,1452.6061767578126,1488.5091491699218,1495.4270288085938,41.92369846031586,-5.570670179134691
2024-08-14 00:00:00+05:30,1453.6491435483126,1462.0419308628677,1443.8656817300166,1451.9605712890625,6267466,0.0,0.0,-0.0012127061577376086,1452.0152099609375,1482.8278442382812,1494.4640893554688,42.248144934894185,-4.473707743386951
2024-08-16 00:00:00+05:30,1458.7146295221214,1470.3851409523195,1448.1863626084614,1468.199951171875,9416902,0.0,0.0,0.011184449635843086,1457.790869140625,1477.4407836914063,1496.071640625,42.16745488658877,-2.394721821988046
2024-08-19 00:00:00+05:30,1482.5,1498.300048828125,1480.5,1488.4000244140625,13797742,10.0,0.0,0.013758393893191778,1462.6055908203125,1474.6293151855468,1497.6168676757814,44.76737041901838,0.44901377062776504
2024-08-20 00:00:00+05:30,1497.2249755859375,1503.925048828125,1490.0250244140625,1495.949951171875,8411808,0.0,0.0,0.005072511847602712,1471.6468017578125,1474.9006652832031,1499.0975634765625,48.30396101185556,2.8146801338905973
2024-08-21 00:00:00+05:30,1493.25,1507.875,1490.0,1498.675048828125,7769996,0.0,0.0,0.0018216502859038641,1480.637109375,1475.9427001953125,1499.8709497070313,50.85708053382533,4.442365279136954
2024-08-22 00:00:00+05:30,1503.0,1506.5,1490.6500244140625,1498.125,10445782,0.0,0.0,-0.0003670234108155146,1489.8699951171875,1476.569873046875,1500.6045288085938,48.188221555570316,5.3030349027039545
2024-08-23 00:00:00+05:30,1503.75,1511.324951171875,1498.425048828125,1499.9749755859375,9249654,0.0,0.0,0.0012348606330829792,1496.225,1477.4534240722655,1501.6676147460937,53.04769258345168,5.7789135949595
2024-08-26 00:00:00+05:30,1506.9749755859375,1523.0,1503.0,1512.5999755859375,8816114,0.0,0.0,0.008416807083777123,1501.064990234375,1478.1426025390624,1502.851103515625,77.18908231066213,6.663132011354556
2024-08-27 00:00:00+05:30,1510.5,1513.4749755859375,1499.449951171875,1500.449951171875,6251156,0.0,0.0,-0.008032543045199958,1501.964990234375,1477.6742736816407,1503.7533520507814,69.16576893452924,6.160666860698671
2024-08-28 00:00:00+05:30,1505.0,1507.4749755859375,1493.0,1498.300048828125,9610286,0.0,0.0,-0.001432838424281213,1501.889990234375,1477.4435974121093,1504.3682641601563,66.07279012533274,5.439538390690145
2024-08-29 00:00:00+05:30,1503.0999755859375,1537.0,1494.0,1520.925048828125,38335358,0.0,0.0,0.015100446681354462,1506.45,1478.7278076171874,1505.3666479492188,78.73475026585754,6.187837314920591
2024-08-30 00:00:00+05:30,1534.0,1539.7249755859375,1503.324951171875,1509.625,41620730,0.0,0.0,-0.0074297210351237375,1508.3800048828125,1478.9566040039062,1506.5835034179688,67.65482212250274,5.638797102185098
2024-09-02 00:00:00+05:30,1510.875,1526.800048828125,1506.625,1516.25,11240852,0.0,0.0,0.004388507079572834,1509.110009765625,1480.3100036621095,1507.633896484375,76.99456311773606,5.436474228053616
2024-09-03 00:00:00+05:30,1521.25,1523.0,1507.5,1509.125,10923800,0.0,0.0,-0.004699093157460865,1510.84501953125,1483.8895629882813,1508.929150390625,72.0762789774601,4.572189462168719
2024-09-04 00:00:00+05:30,1500.699951171875,1517.5,1499.5,1514.550048828125,11983304,0.0,0.0,0.0035948306655346762,1514.09501953125,1487.3070739746095,1510.58568359375,74.23327671231323,4.128800894821799
2024-09-05 00:00:00+05:30,1519.050048828125,1525.7750244140625,1487.050048828125,1492.9749755859375,16264168,0.0,0.0,-0.014245203226450731,1508.5050048828125,1489.2100524902344,1511.5589282226563,59.21174342173941,2.2399699862397187
2024-09-06 00:00:00+05:30,1492.5,1497.0,1461.625,1464.824951171875,19394228,0.0,0.0,-0.01885498744077385,1499.5449951171875,1490.4852172851563,1510.779775390625,41.72369845390645,-0.8805239097858668
2024-09-09 00:00:00+05:30,1466.5,1469.925048828125,1455.5999755859375,1462.449951171875,9010298,0.0,0.0,-0.0016213541407115173,1488.7849853515625,1490.3913940429688,1509.6248559570313,37.79601442250394,-2.962510123611607
2024-09-10 00:00:00+05:30,1460.5,1472.050048828125,1457.574951171875,1461.5250244140625,10768260,0.0,0.0,-0.0006324501956948003,1479.264990234375,1490.9304504394531,1507.7591552734375,36.28645096867629,-4.185146237317041
2024-09-11 00:00:00+05:30,1463.050048828125,1468.75,1447.550048828125,1451.5,9760202,0.0,0.0,-0.006859290293768083,1466.65498046875,1490.8192749023438,1505.7972436523437,33.91409891629732,-5.376273929345779
2024-09-12 00:00:00+05:30,1457.0,1486.0,1445.875,1479.800048828125,22349376,0.0,0.0,0.01949710563425766,1464.0199951171876,1492.211248779297,1504.3015112304688,44.11381111969827,-4.027141615475665
2024-09-13 00:00:00+05:30,1476.4000244140625,1483.1500244140625,1469.5,1472.625,8711328,0.0,0.0,-0.004848661029445811,1465.5800048828125,1492.4325012207032,1502.9155541992188,37.95391459611451,-3.411306473927011
2024-09-16 00:00:00+05:30,1477.550048828125,1480.9000244140625,1464.75,1471.3499755859375,5481774,0.0,0.0,-0.0008658174444019506,1467.360009765625,1491.5799987792968,1501.4723120117187,40.61594856125671,-2.90307005733906
2024-09-17 00:00:00+05:30,1474.0,1477.4749755859375,1466.625,1472.300048828125,5935328,0.0,0.0,0.0006457153348640166,1469.5150146484375,1490.3975036621093,1499.3607543945313,41.55023001693192,-2.3402998117218052
2024-09-18 00:00:00+05:30,1470.0,1482.0,1460.550048828125,1463.449951171875,8574714,0.0,0.0,-0.006011069321972928,1471.9050048828126,1488.636248779297,1496.8283544921876,29.48423439517977,-2.392940159860597
2024-09-19 00:00:00+05:30,1466.25,1476.5,1455.550048828125,1469.675048828125,16955902,0.0,0.0,0.004253714075609594,1469.8800048828125,1487.2137512207032,1494.6315185546875,35.203775304632146,-1.8610307105432273
2024-09-20 00:00:00+05:30,1474.0,1495.0,1471.375,1485.925048828125,30897320,0.0,0.0,0.011056865946630356,1472.5400146484376,1486.5112548828124,1492.8798657226562,39.51604190510917,-0.34661283204787363
2024-09-23 00:00:00+05:30,1491.0,1501.5,1488.949951171875,1493.375,8832314,0.0,0.0,0.005013678972402014,1476.94501953125,1485.5500061035157,1491.3482275390625,44.567108571929055,1.14342545092149
2024-09-24 00:00:00+05:30,1488.5,1500.5,1487.875,1489.375,17137444,0.0,0.0,-0.0026784966937306587,1480.360009765625,1484.9962585449218,1489.417265625,41.22975777369531,1.8067575742528383
2024-09-25 00:00:00+05:30,1483.9000244140625,1496.5,1480.199951171875,1493.949951171875,7069002,0.0,0.0,0.0030717255035668245,1486.460009765625,1484.7787536621095,1487.56787109375,50.38528888224256,2.460268711831563
2024-09-26 00:00:00+05:30,1490.6500244140625,1504.0,1488.050048828125,1497.949951171875,18818998,0.0,0.0,0.0026774658661505857,1492.114990234375,1483.6299987792968,1486.21513671875,66.17822759694654,3.03106662144294
2024-09-27 00:00:00+05:30,1499.0,1533.4749755859375,1492.0,1526.175048828125,20597478,0.0,0.0,0.01884248377869291,1500.164990234375,1484.457501220703,1485.219814453125,74.84887026357026,5.059180036790332
2024-09-30 00:00:00+05:30,1519.4000244140625,1524.9749755859375,1474.4000244140625,1476.574951171875,27008814,0.0,0.0,-0.032499612475210826,1496.80498046875,1482.4737487792968,1483.8587255859375,54.253782685111254,2.9162404760408625
2024-10-01 00:00:00+05:30,1480.6500244140625,1487.949951171875,1462.824951171875,1464.824951171875,16431642,0.0,0.0,-0.007957604854853195,1491.894970703125,1480.2587463378907,1483.344765625,53.72985717214515,0.6801602551649528
2024-10-03 00:00:00+05:30,1436.574951171875,1449.4000244140625,1402.074951171875,1406.9749755859375,37757294,0.0,0.0,-0.03949275682371256,1474.4999755859376,1474.8799926757813,1481.927578125,32.50872389793905,-4.440622673667744
2024-10-04 00:00:00+05:30,1403.925048828125,1417.3499755859375,1381.7750244140625,1386.5250244140625,37072876,0.0,0.0,-0.0145346943099387,1452.214990234375,1469.5574951171875,1479.9464477539063,30.559979185511878,-8.704138208899119
2024-10-07 00:00:00+05:30,1393.5,1396.5,1361.375,1370.7249755859375,22181340,0.0,0.0,-0.011395429977761884,1421.1249755859376,1464.8524963378907,1477.7148681640624,28.67891635757924,-11.890250224165863
2024-10-08 00:00:00+05:30,1372.9749755859375,1401.0,1365.0999755859375,1397.3499755859375,17020808,0.0,0.0,0.019424027776701713,1405.27998046875,1461.5974975585937,1475.6855395507812,35.67743238785896,-11.499477540280026
2024-10-09 00:00:00+05:30,1397.5250244140625,1400.9749755859375,1372.5,1374.5999755859375,14310610,0.0,0.0,-0.01628081754569788,1387.2349853515625,1457.2512451171874,1472.9812084960938,33.877713576398776,-12.012055288125769
2024-10-10 00:00:00+05:30,1380.0250244140625,1386.0,1369.425048828125,1371.050048828125,22358646,0.0,0.0,-0.0025825162380781475,1380.05,1453.2287475585938,1470.3439379882811,31.928538708199724,-11.811283690003236
2024-10-11 00:00:00+05:30,1370.0,1383.2750244140625,1368.824951171875,1372.0999755859375,7980122,0.0,0.0,0.000765782954976757,1377.164990234375,1447.8437438964843,1467.8811206054688,27.913048298026467,-10.85345111065677
2024-10-14 00:00:00+05:30,1379.449951171875,1380.074951171875,1368.25,1372.5250244140625,12221432,0.0,0.0,0.00030977977967205916,1377.525,1442.8387451171875,1465.2306396484375,25.892686252785126,-9.4864595806757
2024-10-15 00:00:00+05:30,1358.5250244140625,1371.699951171875,1340.699951171875,1344.0250244140625,33762794,0.0,0.0,-0.02076464872628958,1366.860009765625,1436.4724975585937,1462.3275,23.587141070500877,-9.758982583735428
2024-10-16 00:00:00+05:30,1340.0,1364.0,1337.625,1354.074951171875,20034438,0.0,0.0,0.007477484849803151,1362.7550048828125,1430.5612426757812,1460.6583227539063,25.07795100222718,-8.562426465914228
2024-10-17 00:00:00+05:30,1365.699951171875,1368.449951171875,1352.050048828125,1356.425048828125,15543660,0.0,0.0,0.0017355742783780048,1359.8300048828125,1425.2099975585938,1458.8628271484374,24.634850290807066,-6.979675067968788
2024-10-18 00:00:00+05:30,1352.175048828125,1368.425048828125,1341.324951171875,1359.300048828125,12082452,0.0,0.0,0.002119542102590799,1357.27001953125,1419.6912475585937,1456.9505200195313,17.102020699852147,-5.188428261306708
2024-10-21 00:00:00+05:30,1367.125,1374.0,1357.7249755859375,1369.199951171875,14067408,0.0,0.0,0.007283088345567901,1356.6050048828124,1413.8549926757812,1455.5480859375,24.903564793046613,-2.900262355544573
2024-10-22 00:00:00+05:30,1369.199951171875,1376.0,1340.2249755859375,1343.3499755859375,15831960,0.0,0.0,-0.018879620587053725,1356.4699951171874,1406.353741455078,1453.1285571289063,23.36364595105192,-2.695450029852342
2024-10-23 00:00:00+05:30,1337.5,1357.4749755859375,1335.0,1338.5250244140625,17214742,0.0,0.0,-0.0035917305687749312,1353.360009765625,1398.8112426757812,1450.8841796875,30.442843809770935,-2.4592685517649926
2024-10-24 00:00:00+05:30,1335.2750244140625,1343.699951171875,1323.125,1339.800048828125,22155934,0.0,0.0,0.0009525592654651138,1350.035009765625,1391.1037475585938,1448.6057104492188,35.00721102813358,-1.8209151583026681
2024-10-25 00:00:00+05:30,1343.5,1344.3499755859375,1322.0,1327.8499755859375,18597496,0.0,0.0,-0.008919296019312628,1343.7449951171875,1382.5987487792968,1446.1234985351562,35.894047926951316,-1.8037963415658709
2024-10-28 00:00:00+05:30,1337.0,1353.0,1322.0999755859375,1334.3499755859375,10824350,0.0,2.0,0.004895131317174339,1336.775,1373.0074951171875,1443.4464990234376,26.109188474549896,-0.9954009305534655
2024-10-29 00:00:00+05:30,1328.0999755859375,1343.199951171875,1320.300048828125,1340.0,12008361,0.0,0.0,0.004234289742150565,1336.1050048828124,1366.1787475585938,1440.4784985351562,34.92374187659769,0.21459916079359687
2024-10-30 00:00:00+05:30,1335.0,1350.0,1325.3499755859375,1343.9000244140625,11984423,0.0,0.0,0.002910465980643595,1337.1800048828125,1360.132501220703,1437.4375,38.205894798912716,1.5007170546027098
2024-10-31 00:00:00+05:30,1340.0,1343.0,1326.1500244140625,1332.050048828125,9331650,0.0,0.0,-0.008817602031895189,1335.6300048828125,1356.3862548828124,1434.105,34.09455163165994,1.7585750442861752
2024-11-01 00:00:00+05:30,1333.050048828125,1341.949951171875,1333.0,1338.6500244140625,2127335,0.0,0.0,0.004954750455318013,1337.7900146484376,1353.9925048828125,1430.9155004882812,37.17584231550578,2.5318469379490836
2024-11-04 00:00:00+05:30,1337.8499755859375,1340.0,1285.0999755859375,1302.1500244140625,19796890,0.0,0.0,-0.027266275228266856,1331.3500244140625,1350.5637573242188,1426.9590014648438,35.052645155443074,0.8313237471579349
2024-11-05 00:00:00+05:30,1293.0,1309.550048828125,1286.1500244140625,1305.300048828125,16267479,0.0,0.0,0.00241909484698577,1324.4100341796875,1345.9612609863282,1422.8130029296874,31.687672438288857,0.19789513188804975
2024-11-06 00:00:00+05:30,1310.0,1328.300048828125,1300.199951171875,1325.3499755859375,21625209,0.0,0.0,0.015360396849607882,1320.7000244140625,1343.498760986328,1419.3110034179688,39.70170724622906,1.3445673414903823
2024-11-07 00:00:00+05:30,1324.0,1324.0,1302.5999755859375,1305.6500244140625,9611974,0.0,0.0,-0.014863961621280897,1315.42001953125,1340.228759765625,1415.4580029296876,34.00415054043647,1.0070529223661957
2024-11-08 00:00:00+05:30,1297.6500244140625,1301.6500244140625,1275.0,1283.75,19814406,0.0,0.0,-0.016773273085864293,1304.4400146484375,1335.811260986328,1410.714501953125,26.224269785653433,-0.385726670463967
2024-11-11 00:00:00+05:30,1278.949951171875,1286.0,1267.0,1272.699951171875,9056552,0.0,0.0,-0.008607632972249313,1298.55,1330.8200073242188,1405.9760009765625,28.577921784698788,-1.6736149790943813
2024-11-12 00:00:00+05:30,1275.550048828125,1289.300048828125,1267.5,1274.25,10671091,0.0,0.0,0.0012179216528591663,1292.339990234375,1327.3312561035157,1401.1360009765624,30.116016745806192,-2.02032292622615
2024-11-13 00:00:00+05:30,1270.25,1275.449951171875,1249.5,1252.050048828125,14633633,0.0,0.0,-0.01742197462968409,1277.6800048828125,1322.2300109863281,1395.994501953125,25.965495335852083,-3.270007044019138
2024-11-14 00:00:00+05:30,1253.5999755859375,1272.5999755859375,1251.0999755859375,1267.5999755859375,12612633,0.0,0.0,0.012419572821682934,1270.0699951171875,1317.7887573242188,1391.0555004882813,33.816805907117654,-2.6035865991849008
2024-11-18 00:00:00+05:30,1267.5999755859375,1272.9000244140625,1243.9000244140625,1260.75,13620611,0.0,0.0,-0.005403893750290711,1265.4699951171874,1312.8612548828125,1386.4110009765625,30.26809014489396,-2.19469913334693
2024-11-19 00:00:00+05:30,1260.75,1281.5,1235.1500244140625,1241.6500244140625,14183746,0.0,0.0,-0.015149693108021056,1259.260009765625,1306.4837585449218,1381.9475024414062,25.406336672590598,-2.7454271246137836
2024-11-21 00:00:00+05:30,1241.6500244140625,1243.949951171875,1217.25,1223.0,19433843,0.0,0.0,-0.015020355210691116,1249.010009765625,1300.466259765625,1377.1585034179689,21.84440599697183,-3.8337812058354643
2024-11-22 00:00:00+05:30,1229.4000244140625,1268.8499755859375,1222.449951171875,1265.4000244140625,20471957,0.0,0.0,0.03466886705974037,1251.6800048828125,1296.810009765625,1373.2360034179687,36.411812927961805,-1.2972461303077125
2024-11-25 00:00:00+05:30,1290.0,1304.449951171875,1282.449951171875,1287.0,28923341,0.0,0.0,0.017069681657339464,1255.560009765625,1294.1700073242187,1369.9460034179688,40.076839838515326,2.0538760456458505
2024-11-26 00:00:00+05:30,1294.949951171875,1297.8499755859375,1284.199951171875,1295.699951171875,9247557,0.0,0.0,0.006759868820415793,1262.55,1292.5625061035157,1366.2640014648437,48.612588086832,4.911963652780621
2024-11-27 00:00:00+05:30,1293.5,1303.8499755859375,1286.0,1293.199951171875,9572746,0.0,0.0,-0.0019294590524132627,1272.8599853515625,1290.5050048828125,1362.6755004882812,47.389968107919096,6.585250991301013
2024-11-28 00:00:00+05:30,1289.949951171875,1296.5999755859375,1269.050048828125,1270.800048828125,15027412,0.0,0.0,-0.017321298476273173,1282.4199951171875,1287.0450073242187,1358.664501953125,38.35148880043584,6.143237590741698
2024-11-29 00:00:00+05:30,1280.0,1299.5,1275.25,1292.199951171875,13202307,0.0,0.0,0.01683970846828653,1287.77998046875,1284.4600036621093,1355.0625,47.14859263146835,7.179765269670039
2024-12-02 00:00:00+05:30,1288.0,1311.3499755859375,1277.050048828125,1309.1500244140625,11024152,0.0,0.0,0.01311722170149876,1292.2099853515624,1283.3150024414062,1351.9765014648438,55.50022706474279,8.788335524394093
2024-12-03 00:00:00+05:30,1317.0,1326.800048828125,1307.0,1323.300048828125,16869482,0.0,0.0,0.010808558339519214,1297.7300048828124,1282.5475036621094,1349.0490014648437,60.81199795923265,10.472404103387596
2024-12-04 00:00:00+05:30,1326.0,1328.4000244140625,1304.050048828125,1308.949951171875,19608540,0.0,0.0,-0.010844175263923006,1300.8800048828125,1282.8875,1345.5094995117188,57.02997946368158,10.272831975338711
2024-12-05 00:00:00+05:30,1314.3499755859375,1329.949951171875,1306.1500244140625,1322.050048828125,16858723,0.0,0.0,0.010008096676669576,1311.1300048828125,1283.725,1342.0830004882812,64.72444559935664,10.631485719160086
2024-12-06 00:00:00+05:30,1323.9000244140625,1323.9000244140625,1310.0,1311.550048828125,9037514,0.0,0.0,-0.00794221066691636,1315.0000244140624,1283.0350036621094,1338.5265014648437,59.44553376963474,9.790888998166524
2024-12-09 00:00:00+05:30,1303.0,1315.0,1293.0999755859375,1295.1500244140625,14650002,0.0,0.0,-0.012504306967710432,1312.2000244140625,1282.5100036621093,1334.5505029296876,57.10157184380044,7.843849597210797
2024-12-10 00:00:00+05:30,1289.25,1294.9000244140625,1280.199951171875,1284.8499755859375,16043729,0.0,0.0,-0.007952784336922591,1304.510009765625,1282.5650024414062,1330.2885034179687,59.254482446258244,5.676788853899501
2024-12-11 00:00:00+05:30,1285.0,1290.0,1276.050048828125,1278.199951171875,11724373,0.0,0.0,-0.005175720543583173,1298.360009765625,1282.8400024414063,1325.3290014648437,62.46610538619735,3.705421381672526
2024-12-12 00:00:00+05:30,1270.0,1278.199951171875,1260.5999755859375,1262.9000244140625,20906813,0.0,0.0,-0.01196990090931016,1286.5300048828126,1282.2725036621093,1321.0555029296875,49.356665112778366,1.3995910362895323
2024-12-13 00:00:00+05:30,1260.0,1275.199951171875,1239.5999755859375,1272.8499755859375,28630222,0.0,0.0,0.007878653083795317,1278.789990234375,1283.3125,1317.2160034179688,46.12646522784339,0.6131995486178514
2024-12-16 00:00:00+05:30,1275.0,1281.0,1266.550048828125,1268.300048828125,9486781,0.0,0.0,-0.003574597827774695,1273.4199951171875,1283.3475036621094,1314.4425048828125,42.32495732668067,-0.10635909915157882
2024-12-17 00:00:00+05:30,1261.050048828125,1263.9000244140625,1242.800048828125,1245.300048828125,17462791,0.0,0.0,-0.018134510064279685,1265.510009765625,1282.5750061035155,1311.6180053710937,37.96484865734924,-1.9235059219872284
2024-12-18 00:00:00+05:30,1240.6500244140625,1259.949951171875,1240.6500244140625,1253.25,12670179,0.0,0.0,0.006383964394248709,1260.52001953125,1283.1550048828126,1309.268505859375,45.24517903420614,-2.3538042718504233
2024-12-19 00:00:00+05:30,1239.0,1244.9000244140625,1229.0,1230.449951171875,14244653,0.0,0.0,-0.018192737943846016,1254.0300048828126,1283.5275024414063,1305.9305053710937,33.39609165340602,-3.8493242823723346
2024-12-20 00:00:00+05:30,1224.0,1239.5,1201.5,1205.300048828125,20312896,0.0,0.0,-0.020439597985921654,1240.52001953125,1280.5225036621093,1302.5445068359375,23.255224690454497,-6.075295735844074
2024-12-23 00:00:00+05:30,1215.0,1227.199951171875,1213.199951171875,1222.300048828125,10052824,0.0,0.0,0.014104371784045444,1231.32001953125,1277.2875061035156,1299.5695068359375,24.365482233502533,-5.938655775117519
2024-12-24 00:00:00+05:30,1222.300048828125,1233.550048828125,1221.0,1222.75,6734917,0.0,0.0,0.0003681184274730853,1226.810009765625,1273.6400085449218,1296.5825073242188,26.460944802307267,-5.370989698390119
2024-12-26 00:00:00+05:30,1224.25,1227.699951171875,1214.25,1216.550048828125,10016178,0.0,0.0,-0.005070497789306905,1219.47001953125,1269.8075134277344,1293.4630078125,20.06237928043518,-4.97506245651406
2024-12-27 00:00:00+05:30,1218.300048828125,1227.9000244140625,1217.0,1221.050048828125,7000397,0.0,0.0,0.003698984685697626,1217.5900390625,1267.3200134277345,1291.0035083007813,23.41358525858581,-4.013347889004244
2024-12-30 00:00:00+05:30,1216.4000244140625,1223.199951171875,1208.0999755859375,1210.699951171875,8818766,0.0,0.0,-0.00847639100967501,1218.67001953125,1263.2450134277344,1288.1360083007812,24.276519559906745,-3.685974761926392
2024-12-31 00:00:00+05:30,1208.0,1219.0999755859375,1206.1500244140625,1215.449951171875,6405475,0.0,0.0,0.003923350286255678,1217.3,1258.560009765625,1285.3165063476563,28.121014524544563,-2.8013019628363978
2025-01-01 00:00:00+05:30,1214.8499755859375,1226.300048828125,1211.5999755859375,1221.25,5892590,0.0,0.0,0.004771935547434936,1217.0,1253.4575073242188,1282.5555053710937,31.949274386629583,-1.5403041390748342
2025-01-02 00:00:00+05:30,1221.25,1244.449951171875,1220.0,1241.800048828125,15486276,0.0,0.0,0.016827061476458516,1222.05,1250.1000122070313,1280.0075073242188,43.52761000378194,0.8352845359169585
2025-01-03 00:00:00+05:30,1243.9000244140625,1262.050048828125,1235.5,1251.1500244140625,15521102,0.0,0.0,0.007529372860599404,1228.0699951171875,1246.5550109863282,1278.1635083007814,43.31897653302064,3.0682785881082424
2025-01-06 00:00:00+05:30,1253.949951171875,1262.0,1215.0,1218.0,14816766,0.0,0.0,-0.02649564302217655,1229.5300048828126,1241.877508544922,1275.7530078125,36.83244795075262,2.375595915379485
2025-01-07 00:00:00+05:30,1222.0,1244.5,1221.25,1240.8499755859375,10070505,0.0,0.0,0.018760242681393757,1234.610009765625,1239.1625061035156,1273.7740063476563,48.83414361764389,3.4538420317206437
2025-01-08 00:00:00+05:30,1249.0,1271.050048828125,1245.3499755859375,1265.5,19346579,0.0,0.0,0.019865434902734735,1243.460009765625,1238.1950073242188,1272.5270068359375,52.95109542714307,5.692551467660877
2025-01-09 00:00:00+05:30,1267.0,1269.75,1248.050048828125,1254.75,12794704,0.0,0.0,-0.008494666139865714,1246.05,1237.022509765625,1270.9350073242188,56.21484624760231,6.269138649018329
2025-01-10 00:00:00+05:30,1253.8499755859375,1256.75,1236.0,1241.9000244140625,8120332,0.0,0.0,-0.010241064423939017,1244.2,1235.972509765625,1268.9730078125,59.98907231263847,5.62540997798393
2025-01-13 00:00:00+05:30,1230.0,1245.25,1226.4000244140625,1239.8499755859375,13764861,0.0,0.0,-0.0016507357982316062,1248.5699951171875,1234.322509765625,1266.8920068359375,55.21542764482462,4.926960940606451
2025-01-14 00:00:00+05:30,1244.0999755859375,1253.3499755859375,1227.25,1238.75,13095266,0.0,0.0,-0.0008871844235974757,1248.15,1232.8450073242188,1265.026005859375,54.73652638349848,4.2802300045530295
2025-01-15 00:00:00+05:30,1244.949951171875,1257.0,1241.8499755859375,1252.199951171875,9578856,0.0,0.0,0.010857680058022234,1245.489990234375,1233.1900024414062,1263.2970043945313,60.11918044215542,4.618604501223329
2025-01-16 00:00:00+05:30,1258.9000244140625,1275.0,1251.300048828125,1266.449951171875,14117603,0.0,0.0,0.011379971694348123,1247.82998046875,1233.85,1262.5830029296876,62.21083016940115,5.597216361453409
2025-01-17 00:00:00+05:30,1322.25,1326.0,1285.0,1302.3499755859375,29366277,0.0,0.0,0.028346974454729557,1259.919970703125,1237.445001220703,1262.5240014648436,71.67178828760437,8.294712938323826
2025-01-20 00:00:00+05:30,1316.0,1316.0,1300.25,1305.449951171875,14040244,0.0,0.0,0.002380293810458234,1273.0399658203125,1242.4524963378906,1262.1260009765624,71.4489940547466,9.816038109342173
2025-01-21 00:00:00+05:30,1310.5,1313.0,1270.199951171875,1273.699951171875,14562976,0.0,0.0,-0.024321116233907425,1280.0299560546875,1245.0224914550781,1261.4869995117188,61.12406175437434,8.27399468763456
2025-01-22 00:00:00+05:30,1278.300048828125,1282.9000244140625,1268.699951171875,1277.0999755859375,10273590,0.0,0.0,0.0026694076661730737,1285.0099609375,1247.739990234375,1261.3539990234376,58.07409210892962,7.117061977279301
2025-01-23 00:00:00+05:30,1270.0,1277.3499755859375,1261.5999755859375,1263.6500244140625,8720682,0.0,0.0,-0.010531635290106478,1284.4499755859374,1250.094989013672,1261.1730004882813,52.80646671322185,5.170610223223623
2025-01-24 00:00:00+05:30,1266.0,1273.0,1243.5,1246.300048828125,14235970,0.0,0.0,-0.01373004807559941,1273.239990234375,1251.357489013672,1260.6140014648438,56.83906771041062,2.570664131865911
2025-01-27 00:00:00+05:30,1239.0999755859375,1240.449951171875,1220.0,1229.3499755859375,9536019,0.0,0.0,-0.013600314994872464,1258.0199951171876,1252.289990234375,1260.16,47.13930348258707,-0.28292430972250016
2025-01-28 00:00:00+05:30,1238.0,1244.75,1218.5,1234.4000244140625,10568025,0.0,0.0,0.004107901678460646,1250.160009765625,1253.2374938964845,1259.4960009765625,41.4277917860284,-1.7412598051646546
2025-01-29 00:00:00+05:30,1236.0,1242.75,1228.050048828125,1235.5,5928156,0.0,0.0,0.000891101396777394,1241.8400146484375,1253.9499938964843,1258.9910009765624,44.395924308588064,-2.4967451909562515
2025-01-30 00:00:00+05:30,1235.550048828125,1257.0,1232.4000244140625,1253.050048828125,9269259,0.0,0.0,0.014204814915520059,1239.72001953125,1254.5124938964843,1259.2190014648438,53.15954088575483,-1.716598120908899
2025-01-31 00:00:00+05:30,1255.8499755859375,1267.0,1249.0,1265.0999755859375,6584612,0.0,0.0,0.009616476827148057,1243.4800048828124,1255.2099914550781,1260.0610009765626,56.771254119751376,-0.3619354431193761
2025-02-01 00:00:00+05:30,1265.0999755859375,1270.550048828125,1241.0,1264.5999755859375,7118453,0.0,0.0,-0.000395225681486866,1250.5300048828126,1257.539990234375,1260.045,56.95452757107961,0.481726748662904
2025-02-03 00:00:00+05:30,1251.0,1256.0,1237.550048828125,1245.9000244140625,9252345,0.0,0.0,-0.014787246190804848,1252.8300048828125,1257.7924926757812,1259.2230004882813,48.35166730437926,-0.20169874872711113
2025-02-04 00:00:00+05:30,1248.050048828125,1288.800048828125,1246.5999755859375,1285.199951171875,16691069,0.0,0.0,0.03154340315250814,1262.7699951171876,1258.777490234375,1259.0130004882812,54.33726774721862,1.8954294922253552
2025-02-05 00:00:00+05:30,1282.6500244140625,1290.5,1276.699951171875,1278.199951171875,10112028,0.0,0.0,-0.005446623300613407,1267.7999755859375,1259.9499877929688,1258.7130004882813,43.551391146131785,2.666346792530812
2025-02-06 00:00:00+05:30,1273.699951171875,1288.0,1270.3499755859375,1281.550048828125,9956001,0.0,0.0,0.0026209496043076985,1271.089990234375,1261.9324890136718,1258.9280004882812,43.62669270833333,3.2200499184717915
2025-02-07 00:00:00+05:30,1276.1500244140625,1283.699951171875,1262.0,1266.699951171875,8764283,0.0,0.0,-0.011587606484685709,1271.5099853515626,1263.2749877929687,1258.4180004882812,47.94841852491063,2.4397482842639118
2025-02-10 00:00:00+05:30,1264.5,1266.5,1245.550048828125,1253.6500244140625,6970972,0.0,0.0,-0.010302303040068406,1273.0599853515625,1264.0199890136719,1257.3080004882813,43.49515917562413,0.9735450327749033
2025-02-11 00:00:00+05:30,1264.550048828125,1264.550048828125,1230.0999755859375,1234.8499755859375,8859714,0.0,0.0,-0.014996249720420907,1262.989990234375,1263.152490234375,1255.5389990234376,42.24137023853684,-1.214885530325902
2025-02-12 00:00:00+05:30,1219.449951171875,1226.9000244140625,1193.3499755859375,1216.550048828125,21131654,0.0,0.0,-0.014819554698641935,1250.660009765625,1260.6574951171874,1253.6910009765625,42.02626850357737,-3.706587442128433
2025-02-13 00:00:00+05:30,1217.050048828125,1228.0,1212.0,1216.0999755859375,8511216,0.0,0.0,-0.0003699586733986182,1237.5699951171875,1256.3449951171874,1251.5719995117188,46.10408815189691,-5.1101708149950085
2025-02-14 00:00:00+05:30,1219.0,1224.0,1205.449951171875,1217.25,10298145,0.0,0.0,0.0009456660119644411,1227.6800048828125,1251.9349975585938,1249.6859985351562,44.838994314161845,-5.644402801027951
2025-02-17 00:00:00+05:30,1211.0999755859375,1227.5,1204.5,1224.9000244140625,8166683,0.0,0.0,0.006284678097401963,1221.9300048828125,1249.4950012207032,1248.2809985351562,46.93110275318977,-5.178057305900188
2025-02-18 00:00:00+05:30,1224.8499755859375,1229.9000244140625,1216.0999755859375,1225.4000244140625,6673250,0.0,0.0,0.0004081965793405473,1220.0400146484376,1246.9100036621094,1247.0919995117188,41.11788625856315,-4.553511845773738
2025-02-19 00:00:00+05:30,1219.5,1232.75,1217.550048828125,1227.449951171875,6217338,0.0,0.0,0.00167286332378902,1222.2199951171874,1245.1,1246.0769995117187,37.07517401197655,-3.7532583381116496
2025-02-20 00:00:00+05:30,1223.949951171875,1239.3499755859375,1222.0,1233.0,7795582,0.0,0.0,0.0045216090666884146,1225.6,1244.4349975585938,1245.4789990234376,39.515607090928974,-2.652900992949787
2025-02-21 00:00:00+05:30,1228.699951171875,1240.0,1222.1500244140625,1228.1500244140625,6904025,0.0,0.0,-0.003933475738797654,1227.7800048828126,1244.375,1244.585,43.514801851078786,-2.079785690470662
2025-02-24 00:00:00+05:30,1216.550048828125,1223.25,1210.5,1214.550048828125,7172498,0.0,0.0,-0.01107354583364184,1225.710009765625,1243.382501220703,1243.51,18.218709296221377,-2.4208434432722274
2025-02-25 00:00:00+05:30,1211.0,1221.0,1201.5,1204.0,11552182,0.0,0.0,-0.008686384590165241,1221.4300048828125,1241.8075012207032,1242.6839990234375,17.65482788860224,-3.116851553283488
2025-02-27 00:00:00+05:30,1212.800048828125,1215.0,1200.6500244140625,1207.0999755859375,11509215,0.0,0.0,0.0025747305531043096,1217.360009765625,1239.5099975585938,1241.7609985351562,17.474868677172495,-3.120633171113063
2025-02-28 00:00:00+05:30,1202.0,1217.3499755859375,1193.300048828125,1200.0999755859375,23007298,0.0,0.0,-0.0057990225677886365,1210.7800048828126,1236.2599975585938,1241.1539990234376,18.761730375704104,-3.327786687917289
2025-03-03 00:00:00+05:30,1204.0,1206.449951171875,1156.0,1171.25,17944938,0.0,0.0,-0.02403964350707677,1199.4,1231.5924987792969,1240.472998046875,16.33986602187491,-5.038380138738461
2025-03-04 00:00:00+05:30,1162.199951171875,1174.0,1159.550048828125,1161.9000244140625,11377373,0.0,0.0,-0.00798290338180363,1188.8699951171875,1227.3924987792968,1239.2649975585937,17.70695763255901,-6.345700546475632
2025-03-05 00:00:00+05:30,1161.0,1183.0,1157.0,1175.5999755859375,8664095,0.0,0.0,0.011790989658326145,1183.189990234375,1221.9125,1238.3219970703126,31.102869188139294,-5.846269715486395
2025-03-06 00:00:00+05:30,1197.0,1213.949951171875,1185.1500244140625,1209.5999755859375,14468014,0.0,0.0,0.028921402437979582,1183.689990234375,1218.4825012207032,1238.1829956054687,47.709653110171324,-2.9317566772264243
2025-03-07 00:00:00+05:30,1216.0,1254.800048828125,1212.0,1249.800048828125,16474965,0.0,0.0,0.03323418820566215,1193.6300048828125,1216.895001220703,1238.7579956054688,58.99421321125624,1.746055767478806
2025-03-10 00:00:00+05:30,1245.0,1258.0,1235.4000244140625,1238.4000244140625,11931051,0.0,0.0,-0.009121478611520129,1207.060009765625,1215.4800048828124,1239.3119970703126,53.654575952604716,3.9868741618178642
2025-03-11 00:00:00+05:30,1240.0,1249.5,1229.75,1247.300048828125,10089838,0.0,0.0,0.007186712078977475,1224.1400146484375,1215.1625061035156,1239.9489990234374,55.67064401422363,5.8691792937184335
2025-03-12 00:00:00+05:30,1258.0,1263.0,1244.0,1257.050048828125,11977555,0.0,0.0,0.007816884164448146,1240.430029296875,1216.272509765625,1240.665,57.370540452802935,7.468968122275909
2025-03-13 00:00:00+05:30,1260.050048828125,1264.1500244140625,1243.8499755859375,1247.9000244140625,9505270,0.0,0.0,-0.0072789658793558365,1248.0900390625,1217.8400085449218,1240.7869995117187,53.64481962680172,7.584638937860028
2025-03-17 00:00:00+05:30,1242.1500244140625,1257.4000244140625,1233.0999755859375,1238.8499755859375,16640917,0.0,0.0,-0.007252222654915319,1245.9000244140625,1218.9775085449219,1240.5409985351562,52.56470425759515,6.753122961745402
2025-03-18 00:00:00+05:30,1238.8499755859375,1238.8499755859375,1238.8499755859375,1238.8499755859375,0,0.0,0.0,0.0,1245.9900146484374,1220.0575073242187,1240.957998046875,56.23074655026383,5.933679336535111
2025-03-19 00:00:00+05:30,1241.050048828125,1253.25,1238.800048828125,1247.1500244140625,16162399,0.0,0.0,0.006699801422040075,1245.960009765625,1221.1700073242187,1241.0839990234374,61.19325475662267,5.680924686206734
2025-03-20 00:00:00+05:30,1251.8499755859375,1273.0,1250.050048828125,1269.1500244140625,15971477,0.0,0.0,0.01764021935559512,1248.3800048828125,1223.3575073242187,1241.1569995117188,64.65863592792405,6.657960424884388
2025-03-21 00:00:00+05:30,1275.0,1281.0,1270.0999755859375,1276.3499755859375,21780769,0.0,0.0,0.005673049705214428,1254.0699951171875,1225.802508544922,1241.5889990234375,67.99621544751987,7.394907747321902
2025-03-24 00:00:00+05:30,1291.0,1306.0,1284.25,1302.0999755859375,20299319,0.0,0.0,0.02017471735225196,1266.7199951171874,1229.2575073242188,1242.792998046875,81.34129319020562,9.109706594678215
2025-03-25 00:00:00+05:30,1307.699951171875,1307.699951171875,1282.5999755859375,1285.449951171875,13713899,0.0,0.0,-0.012787055315449214,1276.039990234375,1232.1225036621095,1243.7049975585937,78.59287873831208,8.620877876621602
